Program,Year,Period,Week Ending,Geo Level,State,State ANSI,Ag District,Ag District Code,County,County ANSI,Zip Code,Region,watershed_code,Watershed,Commodity,Data Item,Domain,Domain Category,Value,CV (%)
SURVEY,2021,YEAR,,STATE,CALIFORNIA,6,,,,,,,0,,PUMPKINS,PUMPKINS - ACRES HARVESTED,TOTAL,NOT SPECIFIED,"5,500",
SURVEY,2021,YEAR,,STATE,ILLINOIS,17,,,,,,,0,,PUMPKINS,PUMPKINS - ACRES HARVESTED,TOTAL,NOT SPECIFIED,"15,900",
SURVEY,2021,YEAR,,STATE,INDIANA,18,,,,,,,0,,PUMPKINS,PUMPKINS - ACRES HARVESTED,TOTAL,NOT SPECIFIED,"7,400",
SURVEY,2021,YEAR,,STATE,MICHIGAN,26,,,,,,,0,,PUMPKINS,PUMPKINS - ACRES HARVESTED,TOTAL,NOT SPECIFIED,"5,100",
SURVEY,2021,YEAR,,STATE,NEW YORK,36,,,,,,,0,,PUMPKINS,PUMPKINS - ACRES HARVESTED,TOTAL,NOT SPECIFIED,"5,100",
SURVEY,2021,YEAR,,STATE,NORTH CAROLINA,37,,,,,,,0,,PUMPKINS,PUMPKINS - ACRES HARVESTED,TOTAL,NOT SPECIFIED,"3,700",
SURVEY,2021,YEAR,,STATE,OHIO,39,,,,,,,0,,PUMPKINS,PUMPKINS - ACRES HARVESTED,TOTAL,NOT SPECIFIED,"3,800",
SURVEY,2021,YEAR,,STATE,OREGON,41,,,,,,,0,,PUMPKINS,PUMPKINS - ACRES HARVESTED,TOTAL,NOT SPECIFIED,"2,000",
SURVEY,2021,YEAR,,STATE,PENNSYLVANIA,42,,,,,,,0,,PUMPKINS,PUMPKINS - ACRES HARVESTED,TOTAL,NOT SPECIFIED,"6,800",
SURVEY,2021,YEAR,,STATE,TEXAS,48,,,,,,,0,,PUMPKINS,PUMPKINS - ACRES HARVESTED,TOTAL,NOT SPECIFIED,"4,500",
SURVEY,2021,YEAR,,STATE,VIRGINIA,51,,,,,,,0,,PUMPKINS,PUMPKINS - ACRES HARVESTED,TOTAL,NOT SPECIFIED,"4,700",
SURVEY,2021,YEAR,,STATE,WASHINGTON,53,,,,,,,0,,PUMPKINS,PUMPKINS - ACRES HARVESTED,TOTAL,NOT SPECIFIED,"2,700",
SURVEY,2021,YEAR,,STATE,WISCONSIN,55,,,,,,,0,,PUMPKINS,PUMPKINS - ACRES HARVESTED,TOTAL,NOT SPECIFIED,"2,400",
SURVEY,2020,YEAR,,STATE,CALIFORNIA,6,,,,,,,0,,PUMPKINS,PUMPKINS - ACRES HARVESTED,TOTAL,NOT SPECIFIED,"3,600",
SURVEY,2020,YEAR,,STATE,ILLINOIS,17,,,,,,,0,,PUMPKINS,PUMPKINS - ACRES HARVESTED,TOTAL,NOT SPECIFIED,"15,700",
SURVEY,2020,YEAR,,STATE,INDIANA,18,,,,,,,0,,PUMPKINS,PUMPKINS - ACRES HARVESTED,TOTAL,NOT SPECIFIED,"6,000",
SURVEY,2020,YEAR,,STATE,MICHIGAN,26,,,,,,,0,,PUMPKINS,PUMPKINS - ACRES HARVESTED,TOTAL,NOT SPECIFIED,"5,400",
SURVEY,2020,YEAR,,STATE,NEW YORK,36,,,,,,,0,,PUMPKINS,PUMPKINS - ACRES HARVESTED,TOTAL,NOT SPECIFIED,"4,700",
SURVEY,2020,YEAR,,STATE,NORTH CAROLINA,37,,,,,,,0,,PUMPKINS,PUMPKINS - ACRES HARVESTED,TOTAL,NOT SPECIFIED,"2,600",
SURVEY,2020,YEAR,,STATE,OHIO,39,,,,,,,0,,PUMPKINS,PUMPKINS - ACRES HARVESTED,TOTAL,NOT SPECIFIED,"3,300",
SURVEY,2020,YEAR,,STATE,OREGON,41,,,,,,,0,,PUMPKINS,PUMPKINS - ACRES HARVESTED,TOTAL,NOT SPECIFIED,"2,200",
SURVEY,2020,YEAR,,STATE,OTHER STATES,,,,,,,,0,,PUMPKINS,PUMPKINS - ACRES HARVESTED,TOTAL,NOT SPECIFIED,0,
SURVEY,2020,YEAR,,STATE,PENNSYLVANIA,42,,,,,,,0,,PUMPKINS,PUMPKINS - ACRES HARVESTED,TOTAL,NOT SPECIFIED,"6,400",
SURVEY,2020,YEAR,,STATE,TEXAS,48,,,,,,,0,,PUMPKINS,PUMPKINS - ACRES HARVESTED,TOTAL,NOT SPECIFIED,"3,700",
SURVEY,2020,YEAR,,STATE,VIRGINIA,51,,,,,,,0,,PUMPKINS,PUMPKINS - ACRES HARVESTED,TOTAL,NOT SPECIFIED,"4,600",
SURVEY,2020,YEAR,,STATE,WASHINGTON,53,,,,,,,0,,PUMPKINS,PUMPKINS - ACRES HARVESTED,TOTAL,NOT SPECIFIED,"2,500",
SURVEY,2020,YEAR,,STATE,WISCONSIN,55,,,,,,,0,,PUMPKINS,PUMPKINS - ACRES HARVESTED,TOTAL,NOT SPECIFIED,"2,100",
SURVEY,2019,YEAR,,STATE,CALIFORNIA,6,,,,,,,0,,PUMPKINS,PUMPKINS - ACRES HARVESTED,TOTAL,NOT SPECIFIED,"4,700",
SURVEY,2019,YEAR,,STATE,ILLINOIS,17,,,,,,,0,,PUMPKINS,PUMPKINS - ACRES HARVESTED,TOTAL,NOT SPECIFIED,"10,900",
SURVEY,2019,YEAR,,STATE,INDIANA,18,,,,,,,0,,PUMPKINS,PUMPKINS - ACRES HARVESTED,TOTAL,NOT SPECIFIED,"5,000",
SURVEY,2019,YEAR,,STATE,MICHIGAN,26,,,,,,,0,,PUMPKINS,PUMPKINS - ACRES HARVESTED,TOTAL,NOT SPECIFIED,"5,400",
SURVEY,2019,YEAR,,STATE,NEW YORK,36,,,,,,,0,,PUMPKINS,PUMPKINS - ACRES HARVESTED,TOTAL,NOT SPECIFIED,"5,700",
SURVEY,2019,YEAR,,STATE,NORTH CAROLINA,37,,,,,,,0,,PUMPKINS,PUMPKINS - ACRES HARVESTED,TOTAL,NOT SPECIFIED,"3,100",
SURVEY,2019,YEAR,,STATE,OHIO,39,,,,,,,0,,PUMPKINS,PUMPKINS - ACRES HARVESTED,TOTAL,NOT SPECIFIED,"3,500",
SURVEY,2019,YEAR,,STATE,OREGON,41,,,,,,,0,,PUMPKINS,PUMPKINS - ACRES HARVESTED,TOTAL,NOT SPECIFIED,"1,900",
SURVEY,2019,YEAR,,STATE,OTHER STATES,,,,,,,,0,,PUMPKINS,PUMPKINS - ACRES HARVESTED,TOTAL,NOT SPECIFIED,"6,500",
SURVEY,2019,YEAR,,STATE,PENNSYLVANIA,42,,,,,,,0,,PUMPKINS,PUMPKINS - ACRES HARVESTED,TOTAL,NOT SPECIFIED,"6,300",
SURVEY,2019,YEAR,,STATE,TEXAS,48,,,,,,,0,,PUMPKINS,PUMPKINS - ACRES HARVESTED,TOTAL,NOT SPECIFIED, (D),
SURVEY,2019,YEAR,,STATE,VIRGINIA,51,,,,,,,0,,PUMPKINS,PUMPKINS - ACRES HARVESTED,TOTAL,NOT SPECIFIED,"5,600",
SURVEY,2019,YEAR,,STATE,WASHINGTON,53,,,,,,,0,,PUMPKINS,PUMPKINS - ACRES HARVESTED,TOTAL,NOT SPECIFIED,"2,600",
SURVEY,2019,YEAR,,STATE,WISCONSIN,55,,,,,,,0,,PUMPKINS,PUMPKINS - ACRES HARVESTED,TOTAL,NOT SPECIFIED, (D),
SURVEY,2018,YEAR,,STATE,CALIFORNIA,6,,,,,,,0,,PUMPKINS,PUMPKINS - ACRES HARVESTED,TOTAL,NOT SPECIFIED,"4,900",
SURVEY,2018,YEAR,,STATE,ILLINOIS,17,,,,,,,0,,PUMPKINS,PUMPKINS - ACRES HARVESTED,TOTAL,NOT SPECIFIED,"11,000",
SURVEY,2018,YEAR,,STATE,INDIANA,18,,,,,,,0,,PUMPKINS,PUMPKINS - ACRES HARVESTED,TOTAL,NOT SPECIFIED,"5,500",
SURVEY,2018,YEAR,,STATE,MICHIGAN,26,,,,,,,0,,PUMPKINS,PUMPKINS - ACRES HARVESTED,TOTAL,NOT SPECIFIED,"5,400",
SURVEY,2018,YEAR,,STATE,MINNESOTA,27,,,,,,,0,,PUMPKINS,PUMPKINS - ACRES HARVESTED,TOTAL,NOT SPECIFIED,"1,400",
SURVEY,2018,YEAR,,STATE,NEW JERSEY,34,,,,,,,0,,PUMPKINS,PUMPKINS - ACRES HARVESTED,TOTAL,NOT SPECIFIED,"1,700",
SURVEY,2018,YEAR,,STATE,NEW YORK,36,,,,,,,0,,PUMPKINS,PUMPKINS - ACRES HARVESTED,TOTAL,NOT SPECIFIED,"5,700",
SURVEY,2018,YEAR,,STATE,NORTH CAROLINA,37,,,,,,,0,,PUMPKINS,PUMPKINS - ACRES HARVESTED,TOTAL,NOT SPECIFIED,"2,300",
SURVEY,2018,YEAR,,STATE,OHIO,39,,,,,,,0,,PUMPKINS,PUMPKINS - ACRES HARVESTED,TOTAL,NOT SPECIFIED,"3,700",
SURVEY,2018,YEAR,,STATE,OREGON,41,,,,,,,0,,PUMPKINS,PUMPKINS - ACRES HARVESTED,TOTAL,NOT SPECIFIED,"2,500",
SURVEY,2018,YEAR,,STATE,PENNSYLVANIA,42,,,,,,,0,,PUMPKINS,PUMPKINS - ACRES HARVESTED,TOTAL,NOT SPECIFIED,"5,700",
SURVEY,2018,YEAR,,STATE,TENNESSEE,47,,,,,,,0,,PUMPKINS,PUMPKINS - ACRES HARVESTED,TOTAL,NOT SPECIFIED,"1,600",
SURVEY,2018,YEAR,,STATE,TEXAS,48,,,,,,,0,,PUMPKINS,PUMPKINS - ACRES HARVESTED,TOTAL,NOT SPECIFIED,"4,900",
SURVEY,2018,YEAR,,STATE,VIRGINIA,51,,,,,,,0,,PUMPKINS,PUMPKINS - ACRES HARVESTED,TOTAL,NOT SPECIFIED,"5,200",
SURVEY,2018,YEAR,,STATE,WASHINGTON,53,,,,,,,0,,PUMPKINS,PUMPKINS - ACRES HARVESTED,TOTAL,NOT SPECIFIED,"2,400",
SURVEY,2018,YEAR,,STATE,WISCONSIN,55,,,,,,,0,,PUMPKINS,PUMPKINS - ACRES HARVESTED,TOTAL,NOT SPECIFIED,"3,700",
SURVEY,2017,YEAR,,STATE,CALIFORNIA,6,,,,,,,0,,PUMPKINS,PUMPKINS - ACRES HARVESTED,TOTAL,NOT SPECIFIED,"4,400",
SURVEY,2017,YEAR,,STATE,ILLINOIS,17,,,,,,,0,,PUMPKINS,PUMPKINS - ACRES HARVESTED,TOTAL,NOT SPECIFIED,"17,400",
SURVEY,2017,YEAR,,STATE,INDIANA,18,,,,,,,0,,PUMPKINS,PUMPKINS - ACRES HARVESTED,TOTAL,NOT SPECIFIED,"6,000",
SURVEY,2017,YEAR,,STATE,MICHIGAN,26,,,,,,,0,,PUMPKINS,PUMPKINS - ACRES HARVESTED,TOTAL,NOT SPECIFIED,"4,900",
SURVEY,2017,YEAR,,STATE,MINNESOTA,27,,,,,,,0,,PUMPKINS,PUMPKINS - ACRES HARVESTED,TOTAL,NOT SPECIFIED,"1,800",
SURVEY,2017,YEAR,,STATE,NEW JERSEY,34,,,,,,,0,,PUMPKINS,PUMPKINS - ACRES HARVESTED,TOTAL,NOT SPECIFIED,"2,100",
SURVEY,2017,YEAR,,STATE,NEW YORK,36,,,,,,,0,,PUMPKINS,PUMPKINS - ACRES HARVESTED,TOTAL,NOT SPECIFIED,"5,600",
SURVEY,2017,YEAR,,STATE,NORTH CAROLINA,37,,,,,,,0,,PUMPKINS,PUMPKINS - ACRES HARVESTED,TOTAL,NOT SPECIFIED,"2,700",
SURVEY,2017,YEAR,,STATE,OHIO,39,,,,,,,0,,PUMPKINS,PUMPKINS - ACRES HARVESTED,TOTAL,NOT SPECIFIED,"3,500",
SURVEY,2017,YEAR,,STATE,OREGON,41,,,,,,,0,,PUMPKINS,PUMPKINS - ACRES HARVESTED,TOTAL,NOT SPECIFIED,"2,500",
SURVEY,2017,YEAR,,STATE,PENNSYLVANIA,42,,,,,,,0,,PUMPKINS,PUMPKINS - ACRES HARVESTED,TOTAL,NOT SPECIFIED,"6,900",
SURVEY,2017,YEAR,,STATE,TENNESSEE,47,,,,,,,0,,PUMPKINS,PUMPKINS - ACRES HARVESTED,TOTAL,NOT SPECIFIED,"1,400",
SURVEY,2017,YEAR,,STATE,TEXAS,48,,,,,,,0,,PUMPKINS,PUMPKINS - ACRES HARVESTED,TOTAL,NOT SPECIFIED,"4,500",
SURVEY,2017,YEAR,,STATE,VIRGINIA,51,,,,,,,0,,PUMPKINS,PUMPKINS - ACRES HARVESTED,TOTAL,NOT SPECIFIED,"3,200",
SURVEY,2017,YEAR,,STATE,WASHINGTON,53,,,,,,,0,,PUMPKINS,PUMPKINS - ACRES HARVESTED,TOTAL,NOT SPECIFIED,"2,600",
SURVEY,2017,YEAR,,STATE,WISCONSIN,55,,,,,,,0,,PUMPKINS,PUMPKINS - ACRES HARVESTED,TOTAL,NOT SPECIFIED,"2,800",
SURVEY,2016,YEAR,,STATE,CALIFORNIA,6,,,,,,,0,,PUMPKINS,PUMPKINS - ACRES HARVESTED,TOTAL,NOT SPECIFIED,"4,800",
SURVEY,2016,YEAR,,STATE,ILLINOIS,17,,,,,,,0,,PUMPKINS,PUMPKINS - ACRES HARVESTED,TOTAL,NOT SPECIFIED,"17,400",
SURVEY,2016,YEAR,,STATE,INDIANA,18,,,,,,,0,,PUMPKINS,PUMPKINS - ACRES HARVESTED,TOTAL,NOT SPECIFIED,"7,000",
SURVEY,2016,YEAR,,STATE,MICHIGAN,26,,,,,,,0,,PUMPKINS,PUMPKINS - ACRES HARVESTED,TOTAL,NOT SPECIFIED,"5,100",
SURVEY,2016,YEAR,,STATE,MINNESOTA,27,,,,,,,0,,PUMPKINS,PUMPKINS - ACRES HARVESTED,TOTAL,NOT SPECIFIED,"2,000",
SURVEY,2016,YEAR,,STATE,NEW JERSEY,34,,,,,,,0,,PUMPKINS,PUMPKINS - ACRES HARVESTED,TOTAL,NOT SPECIFIED,"2,000",
SURVEY,2016,YEAR,,STATE,NEW YORK,36,,,,,,,0,,PUMPKINS,PUMPKINS - ACRES HARVESTED,TOTAL,NOT SPECIFIED,"5,700",
SURVEY,2016,YEAR,,STATE,NORTH CAROLINA,37,,,,,,,0,,PUMPKINS,PUMPKINS - ACRES HARVESTED,TOTAL,NOT SPECIFIED,"2,900",
SURVEY,2016,YEAR,,STATE,OHIO,39,,,,,,,0,,PUMPKINS,PUMPKINS - ACRES HARVESTED,TOTAL,NOT SPECIFIED,"3,500",
SURVEY,2016,YEAR,,STATE,OREGON,41,,,,,,,0,,PUMPKINS,PUMPKINS - ACRES HARVESTED,TOTAL,NOT SPECIFIED,"2,100",
SURVEY,2016,YEAR,,STATE,OTHER STATES,,,,,,,,0,,PUMPKINS,PUMPKINS - ACRES HARVESTED,TOTAL,NOT SPECIFIED,0,
SURVEY,2016,YEAR,,STATE,PENNSYLVANIA,42,,,,,,,0,,PUMPKINS,PUMPKINS - ACRES HARVESTED,TOTAL,NOT SPECIFIED,"7,000",
SURVEY,2016,YEAR,,STATE,TENNESSEE,47,,,,,,,0,,PUMPKINS,PUMPKINS - ACRES HARVESTED,TOTAL,NOT SPECIFIED,"1,400",
SURVEY,2016,YEAR,,STATE,TEXAS,48,,,,,,,0,,PUMPKINS,PUMPKINS - ACRES HARVESTED,TOTAL,NOT SPECIFIED,"4,000",
SURVEY,2016,YEAR,,STATE,VIRGINIA,51,,,,,,,0,,PUMPKINS,PUMPKINS - ACRES HARVESTED,TOTAL,NOT SPECIFIED,"3,600",
SURVEY,2016,YEAR,,STATE,WASHINGTON,53,,,,,,,0,,PUMPKINS,PUMPKINS - ACRES HARVESTED,TOTAL,NOT SPECIFIED,"2,900",
SURVEY,2016,YEAR,,STATE,WISCONSIN,55,,,,,,,0,,PUMPKINS,PUMPKINS - ACRES HARVESTED,TOTAL,NOT SPECIFIED,"3,200",
SURVEY,2015,YEAR,,STATE,CALIFORNIA,6,,,,,,,0,,PUMPKINS,PUMPKINS - ACRES HARVESTED,TOTAL,NOT SPECIFIED,"6,100",
SURVEY,2015,YEAR,,STATE,ILLINOIS,17,,,,,,,0,,PUMPKINS,PUMPKINS - ACRES HARVESTED,TOTAL,NOT SPECIFIED,"14,700",
SURVEY,2015,YEAR,,STATE,MICHIGAN,26,,,,,,,0,,PUMPKINS,PUMPKINS - ACRES HARVESTED,TOTAL,NOT SPECIFIED,"5,000",
SURVEY,2015,YEAR,,STATE,NEW YORK,36,,,,,,,0,,PUMPKINS,PUMPKINS - ACRES HARVESTED,TOTAL,NOT SPECIFIED,"4,400",
SURVEY,2015,YEAR,,STATE,OHIO,39,,,,,,,0,,PUMPKINS,PUMPKINS - ACRES HARVESTED,TOTAL,NOT SPECIFIED,"5,500",
SURVEY,2015,YEAR,,STATE,PENNSYLVANIA,42,,,,,,,0,,PUMPKINS,PUMPKINS - ACRES HARVESTED,TOTAL,NOT SPECIFIED,"5,200",
SURVEY,2014,YEAR,,STATE,CALIFORNIA,6,,,,,,,0,,PUMPKINS,PUMPKINS - ACRES HARVESTED,TOTAL,NOT SPECIFIED,"5,800",
SURVEY,2014,YEAR,,STATE,ILLINOIS,17,,,,,,,0,,PUMPKINS,PUMPKINS - ACRES HARVESTED,TOTAL,NOT SPECIFIED,"19,800",
SURVEY,2014,YEAR,,STATE,MICHIGAN,26,,,,,,,0,,PUMPKINS,PUMPKINS - ACRES HARVESTED,TOTAL,NOT SPECIFIED,"6,100",
SURVEY,2014,YEAR,,STATE,NEW YORK,36,,,,,,,0,,PUMPKINS,PUMPKINS - ACRES HARVESTED,TOTAL,NOT SPECIFIED,"5,200",
SURVEY,2014,YEAR,,STATE,OHIO,39,,,,,,,0,,PUMPKINS,PUMPKINS - ACRES HARVESTED,TOTAL,NOT SPECIFIED,"6,300",
SURVEY,2014,YEAR,,STATE,PENNSYLVANIA,42,,,,,,,0,,PUMPKINS,PUMPKINS - ACRES HARVESTED,TOTAL,NOT SPECIFIED,"5,900",
SURVEY,2013,YEAR,,STATE,CALIFORNIA,6,,,,,,,0,,PUMPKINS,PUMPKINS - ACRES HARVESTED,TOTAL,NOT SPECIFIED,"5,900",
SURVEY,2013,YEAR,,STATE,ILLINOIS,17,,,,,,,0,,PUMPKINS,PUMPKINS - ACRES HARVESTED,TOTAL,NOT SPECIFIED,"20,100",
SURVEY,2013,YEAR,,STATE,MICHIGAN,26,,,,,,,0,,PUMPKINS,PUMPKINS - ACRES HARVESTED,TOTAL,NOT SPECIFIED,"6,300",
SURVEY,2013,YEAR,,STATE,NEW YORK,36,,,,,,,0,,PUMPKINS,PUMPKINS - ACRES HARVESTED,TOTAL,NOT SPECIFIED,"6,000",
SURVEY,2013,YEAR,,STATE,OHIO,39,,,,,,,0,,PUMPKINS,PUMPKINS - ACRES HARVESTED,TOTAL,NOT SPECIFIED,"6,100",
SURVEY,2013,YEAR,,STATE,PENNSYLVANIA,42,,,,,,,0,,PUMPKINS,PUMPKINS - ACRES HARVESTED,TOTAL,NOT SPECIFIED,"5,900",
SURVEY,2012,YEAR,,STATE,CALIFORNIA,6,,,,,,,0,,PUMPKINS,PUMPKINS - ACRES HARVESTED,TOTAL,NOT SPECIFIED,"5,500",
SURVEY,2012,YEAR,,STATE,ILLINOIS,17,,,,,,,0,,PUMPKINS,PUMPKINS - ACRES HARVESTED,TOTAL,NOT SPECIFIED,"20,200",
SURVEY,2012,YEAR,,STATE,MICHIGAN,26,,,,,,,0,,PUMPKINS,PUMPKINS - ACRES HARVESTED,TOTAL,NOT SPECIFIED,"6,300",
SURVEY,2012,YEAR,,STATE,NEW YORK,36,,,,,,,0,,PUMPKINS,PUMPKINS - ACRES HARVESTED,TOTAL,NOT SPECIFIED,"6,300",
SURVEY,2012,YEAR,,STATE,OHIO,39,,,,,,,0,,PUMPKINS,PUMPKINS - ACRES HARVESTED,TOTAL,NOT SPECIFIED,"6,000",
SURVEY,2012,YEAR,,STATE,PENNSYLVANIA,42,,,,,,,0,,PUMPKINS,PUMPKINS - ACRES HARVESTED,TOTAL,NOT SPECIFIED,"6,200",
SURVEY,2011,YEAR,,STATE,CALIFORNIA,6,,,,,,,0,,PUMPKINS,PUMPKINS - ACRES HARVESTED,TOTAL,NOT SPECIFIED,"5,400",
SURVEY,2011,YEAR,,STATE,ILLINOIS,17,,,,,,,0,,PUMPKINS,PUMPKINS - ACRES HARVESTED,TOTAL,NOT SPECIFIED,"15,900",
SURVEY,2011,YEAR,,STATE,MICHIGAN,26,,,,,,,0,,PUMPKINS,PUMPKINS - ACRES HARVESTED,TOTAL,NOT SPECIFIED,"6,800",
SURVEY,2011,YEAR,,STATE,NEW YORK,36,,,,,,,0,,PUMPKINS,PUMPKINS - ACRES HARVESTED,TOTAL,NOT SPECIFIED,"6,300",
SURVEY,2011,YEAR,,STATE,OHIO,39,,,,,,,0,,PUMPKINS,PUMPKINS - ACRES HARVESTED,TOTAL,NOT SPECIFIED,"6,800",
SURVEY,2011,YEAR,,STATE,PENNSYLVANIA,42,,,,,,,0,,PUMPKINS,PUMPKINS - ACRES HARVESTED,TOTAL,NOT SPECIFIED,"5,700",
SURVEY,2010,YEAR,,STATE,CALIFORNIA,6,,,,,,,0,,PUMPKINS,PUMPKINS - ACRES HARVESTED,TOTAL,NOT SPECIFIED,"6,200",
SURVEY,2010,YEAR,,STATE,ILLINOIS,17,,,,,,,0,,PUMPKINS,PUMPKINS - ACRES HARVESTED,TOTAL,NOT SPECIFIED,"15,100",
SURVEY,2010,YEAR,,STATE,MICHIGAN,26,,,,,,,0,,PUMPKINS,PUMPKINS - ACRES HARVESTED,TOTAL,NOT SPECIFIED,"6,800",
SURVEY,2010,YEAR,,STATE,NEW YORK,36,,,,,,,0,,PUMPKINS,PUMPKINS - ACRES HARVESTED,TOTAL,NOT SPECIFIED,"6,800",
SURVEY,2010,YEAR,,STATE,OHIO,39,,,,,,,0,,PUMPKINS,PUMPKINS - ACRES HARVESTED,TOTAL,NOT SPECIFIED,"6,900",
SURVEY,2010,YEAR,,STATE,PENNSYLVANIA,42,,,,,,,0,,PUMPKINS,PUMPKINS - ACRES HARVESTED,TOTAL,NOT SPECIFIED,"6,700",
SURVEY,2009,YEAR,,STATE,CALIFORNIA,6,,,,,,,0,,PUMPKINS,PUMPKINS - ACRES HARVESTED,TOTAL,NOT SPECIFIED,"5,100",
SURVEY,2009,YEAR,,STATE,ILLINOIS,17,,,,,,,0,,PUMPKINS,PUMPKINS - ACRES HARVESTED,TOTAL,NOT SPECIFIED,"12,500",
SURVEY,2009,YEAR,,STATE,MICHIGAN,26,,,,,,,0,,PUMPKINS,PUMPKINS - ACRES HARVESTED,TOTAL,NOT SPECIFIED,"6,700",
SURVEY,2009,YEAR,,STATE,NEW YORK,36,,,,,,,0,,PUMPKINS,PUMPKINS - ACRES HARVESTED,TOTAL,NOT SPECIFIED,"6,000",
SURVEY,2009,YEAR,,STATE,OHIO,39,,,,,,,0,,PUMPKINS,PUMPKINS - ACRES HARVESTED,TOTAL,NOT SPECIFIED,"7,500",
SURVEY,2009,YEAR,,STATE,PENNSYLVANIA,42,,,,,,,0,,PUMPKINS,PUMPKINS - ACRES HARVESTED,TOTAL,NOT SPECIFIED,"6,300",
SURVEY,2008,YEAR,,STATE,CALIFORNIA,6,,,,,,,0,,PUMPKINS,PUMPKINS - ACRES HARVESTED,TOTAL,NOT SPECIFIED,"5,300",
SURVEY,2008,YEAR,,STATE,ILLINOIS,17,,,,,,,0,,PUMPKINS,PUMPKINS - ACRES HARVESTED,TOTAL,NOT SPECIFIED,"12,600",
SURVEY,2008,YEAR,,STATE,MICHIGAN,26,,,,,,,0,,PUMPKINS,PUMPKINS - ACRES HARVESTED,TOTAL,NOT SPECIFIED,"6,800",
SURVEY,2008,YEAR,,STATE,NEW YORK,36,,,,,,,0,,PUMPKINS,PUMPKINS - ACRES HARVESTED,TOTAL,NOT SPECIFIED,"5,900",
SURVEY,2008,YEAR,,STATE,OHIO,39,,,,,,,0,,PUMPKINS,PUMPKINS - ACRES HARVESTED,TOTAL,NOT SPECIFIED,"6,100",
SURVEY,2008,YEAR,,STATE,PENNSYLVANIA,42,,,,,,,0,,PUMPKINS,PUMPKINS - ACRES HARVESTED,TOTAL,NOT SPECIFIED,"6,700",
SURVEY,2007,YEAR,,STATE,CALIFORNIA,6,,,,,,,0,,PUMPKINS,PUMPKINS - ACRES HARVESTED,TOTAL,NOT SPECIFIED,"5,100",
SURVEY,2007,YEAR,,STATE,ILLINOIS,17,,,,,,,0,,PUMPKINS,PUMPKINS - ACRES HARVESTED,TOTAL,NOT SPECIFIED,"13,800",
SURVEY,2007,YEAR,,STATE,MICHIGAN,26,,,,,,,0,,PUMPKINS,PUMPKINS - ACRES HARVESTED,TOTAL,NOT SPECIFIED,"6,200",
SURVEY,2007,YEAR,,STATE,NEW YORK,36,,,,,,,0,,PUMPKINS,PUMPKINS - ACRES HARVESTED,TOTAL,NOT SPECIFIED,"6,400",
SURVEY,2007,YEAR,,STATE,OHIO,39,,,,,,,0,,PUMPKINS,PUMPKINS - ACRES HARVESTED,TOTAL,NOT SPECIFIED,"6,600",
SURVEY,2007,YEAR,,STATE,PENNSYLVANIA,42,,,,,,,0,,PUMPKINS,PUMPKINS - ACRES HARVESTED,TOTAL,NOT SPECIFIED,"7,800",
SURVEY,2006,YEAR,,STATE,CALIFORNIA,6,,,,,,,0,,PUMPKINS,PUMPKINS - ACRES HARVESTED,TOTAL,NOT SPECIFIED,"5,300",
SURVEY,2006,YEAR,,STATE,ILLINOIS,17,,,,,,,0,,PUMPKINS,PUMPKINS - ACRES HARVESTED,TOTAL,NOT SPECIFIED,"12,700",
SURVEY,2006,YEAR,,STATE,MICHIGAN,26,,,,,,,0,,PUMPKINS,PUMPKINS - ACRES HARVESTED,TOTAL,NOT SPECIFIED,"5,700",
SURVEY,2006,YEAR,,STATE,NEW YORK,36,,,,,,,0,,PUMPKINS,PUMPKINS - ACRES HARVESTED,TOTAL,NOT SPECIFIED,"5,500",
SURVEY,2006,YEAR,,STATE,OHIO,39,,,,,,,0,,PUMPKINS,PUMPKINS - ACRES HARVESTED,TOTAL,NOT SPECIFIED,"6,700",
SURVEY,2006,YEAR,,STATE,PENNSYLVANIA,42,,,,,,,0,,PUMPKINS,PUMPKINS - ACRES HARVESTED,TOTAL,NOT SPECIFIED,"7,800",
SURVEY,2005,YEAR,,STATE,CALIFORNIA,6,,,,,,,0,,PUMPKINS,PUMPKINS - ACRES HARVESTED,TOTAL,NOT SPECIFIED,"5,500",
SURVEY,2005,YEAR,,STATE,ILLINOIS,17,,,,,,,0,,PUMPKINS,PUMPKINS - ACRES HARVESTED,TOTAL,NOT SPECIFIED,"12,900",
SURVEY,2005,YEAR,,STATE,MICHIGAN,26,,,,,,,0,,PUMPKINS,PUMPKINS - ACRES HARVESTED,TOTAL,NOT SPECIFIED,"5,200",
SURVEY,2005,YEAR,,STATE,NEW YORK,36,,,,,,,0,,PUMPKINS,PUMPKINS - ACRES HARVESTED,TOTAL,NOT SPECIFIED,"5,300",
SURVEY,2005,YEAR,,STATE,OHIO,39,,,,,,,0,,PUMPKINS,PUMPKINS - ACRES HARVESTED,TOTAL,NOT SPECIFIED,"7,400",
SURVEY,2005,YEAR,,STATE,PENNSYLVANIA,42,,,,,,,0,,PUMPKINS,PUMPKINS - ACRES HARVESTED,TOTAL,NOT SPECIFIED,"7,500",
SURVEY,2004,YEAR,,STATE,CALIFORNIA,6,,,,,,,0,,PUMPKINS,PUMPKINS - ACRES HARVESTED,TOTAL,NOT SPECIFIED,"5,200",
SURVEY,2004,YEAR,,STATE,ILLINOIS,17,,,,,,,0,,PUMPKINS,PUMPKINS - ACRES HARVESTED,TOTAL,NOT SPECIFIED,"12,500",
SURVEY,2004,YEAR,,STATE,MICHIGAN,26,,,,,,,0,,PUMPKINS,PUMPKINS - ACRES HARVESTED,TOTAL,NOT SPECIFIED,"7,200",
SURVEY,2004,YEAR,,STATE,NEW YORK,36,,,,,,,0,,PUMPKINS,PUMPKINS - ACRES HARVESTED,TOTAL,NOT SPECIFIED,"6,300",
SURVEY,2004,YEAR,,STATE,OHIO,39,,,,,,,0,,PUMPKINS,PUMPKINS - ACRES HARVESTED,TOTAL,NOT SPECIFIED,"6,200",
SURVEY,2004,YEAR,,STATE,PENNSYLVANIA,42,,,,,,,0,,PUMPKINS,PUMPKINS - ACRES HARVESTED,TOTAL,NOT SPECIFIED,"7,600",
SURVEY,2003,YEAR,,STATE,CALIFORNIA,6,,,,,,,0,,PUMPKINS,PUMPKINS - ACRES HARVESTED,TOTAL,NOT SPECIFIED,"4,900",
SURVEY,2003,YEAR,,STATE,ILLINOIS,17,,,,,,,0,,PUMPKINS,PUMPKINS - ACRES HARVESTED,TOTAL,NOT SPECIFIED,"7,900",
SURVEY,2003,YEAR,,STATE,MICHIGAN,26,,,,,,,0,,PUMPKINS,PUMPKINS - ACRES HARVESTED,TOTAL,NOT SPECIFIED,"7,300",
SURVEY,2003,YEAR,,STATE,NEW YORK,36,,,,,,,0,,PUMPKINS,PUMPKINS - ACRES HARVESTED,TOTAL,NOT SPECIFIED,"5,300",
SURVEY,2003,YEAR,,STATE,OHIO,39,,,,,,,0,,PUMPKINS,PUMPKINS - ACRES HARVESTED,TOTAL,NOT SPECIFIED,"6,400",
SURVEY,2003,YEAR,,STATE,PENNSYLVANIA,42,,,,,,,0,,PUMPKINS,PUMPKINS - ACRES HARVESTED,TOTAL,NOT SPECIFIED,"7,500",
SURVEY,2002,YEAR,,STATE,CALIFORNIA,6,,,,,,,0,,PUMPKINS,PUMPKINS - ACRES HARVESTED,TOTAL,NOT SPECIFIED,"5,500",
SURVEY,2002,YEAR,,STATE,ILLINOIS,17,,,,,,,0,,PUMPKINS,PUMPKINS - ACRES HARVESTED,TOTAL,NOT SPECIFIED,"9,300",
SURVEY,2002,YEAR,,STATE,MICHIGAN,26,,,,,,,0,,PUMPKINS,PUMPKINS - ACRES HARVESTED,TOTAL,NOT SPECIFIED,"6,800",
SURVEY,2002,YEAR,,STATE,NEW YORK,36,,,,,,,0,,PUMPKINS,PUMPKINS - ACRES HARVESTED,TOTAL,NOT SPECIFIED,"6,300",
SURVEY,2002,YEAR,,STATE,OHIO,39,,,,,,,0,,PUMPKINS,PUMPKINS - ACRES HARVESTED,TOTAL,NOT SPECIFIED,"5,600",
SURVEY,2002,YEAR,,STATE,PENNSYLVANIA,42,,,,,,,0,,PUMPKINS,PUMPKINS - ACRES HARVESTED,TOTAL,NOT SPECIFIED,"7,500",
SURVEY,2001,YEAR,,STATE,CALIFORNIA,6,,,,,,,0,,PUMPKINS,PUMPKINS - ACRES HARVESTED,TOTAL,NOT SPECIFIED,"6,100",
SURVEY,2001,YEAR,,STATE,ILLINOIS,17,,,,,,,0,,PUMPKINS,PUMPKINS - ACRES HARVESTED,TOTAL,NOT SPECIFIED,"8,500",
SURVEY,2001,YEAR,,STATE,MICHIGAN,26,,,,,,,0,,PUMPKINS,PUMPKINS - ACRES HARVESTED,TOTAL,NOT SPECIFIED,"4,400",
SURVEY,2001,YEAR,,STATE,NEW YORK,36,,,,,,,0,,PUMPKINS,PUMPKINS - ACRES HARVESTED,TOTAL,NOT SPECIFIED,"6,400",
SURVEY,2001,YEAR,,STATE,OHIO,39,,,,,,,0,,PUMPKINS,PUMPKINS - ACRES HARVESTED,TOTAL,NOT SPECIFIED,"5,900",
SURVEY,2001,YEAR,,STATE,PENNSYLVANIA,42,,,,,,,0,,PUMPKINS,PUMPKINS - ACRES HARVESTED,TOTAL,NOT SPECIFIED,"6,500",
SURVEY,2000,YEAR,,STATE,CALIFORNIA,6,,,,,,,0,,PUMPKINS,PUMPKINS - ACRES HARVESTED,TOTAL,NOT SPECIFIED,"5,900",
SURVEY,2000,YEAR,,STATE,ILLINOIS,17,,,,,,,0,,PUMPKINS,PUMPKINS - ACRES HARVESTED,TOTAL,NOT SPECIFIED,"8,900",
SURVEY,2000,YEAR,,STATE,MICHIGAN,26,,,,,,,0,,PUMPKINS,PUMPKINS - ACRES HARVESTED,TOTAL,NOT SPECIFIED,"4,400",
SURVEY,2000,YEAR,,STATE,NEW YORK,36,,,,,,,0,,PUMPKINS,PUMPKINS - ACRES HARVESTED,TOTAL,NOT SPECIFIED,"5,700",
SURVEY,2000,YEAR,,STATE,OHIO,39,,,,,,,0,,PUMPKINS,PUMPKINS - ACRES HARVESTED,TOTAL,NOT SPECIFIED,"5,600",
SURVEY,2000,YEAR,,STATE,PENNSYLVANIA,42,,,,,,,0,,PUMPKINS,PUMPKINS - ACRES HARVESTED,TOTAL,NOT SPECIFIED,"6,400",