Date,Region,Class,Commodity,Variety,Organic,Environment,Unit,Number of Stores,Weighted Avg Price,Low Price,High Price,% Marked Local,"Last Year
 Stores","Last Year
 Weighted Avg Price"
09/18/2020,NATIONAL,VEGETABLES,PUMPKINS,,,,each,"1,103",4.83,,,,955,4.65
09/18/2020,NATIONAL,VEGETABLES,PUMPKINS,,,,per pound,80,0.49,,,,164,0.29
09/18/2020,NATIONAL,VEGETABLES,PUMPKINS,,Y,,per pound,24,0.99,,,,,
09/18/2020,NATIONAL,VEGETABLES,PUMPKINS,MINIATURE,,,each,263,1.19,,,,376,0.96
09/18/2020,NATIONAL,VEGETABLES,PUMPKINS,MINIATURE,,,per pound,72,1.69,,,,72,1.69
09/18/2020,NATIONAL,VEGETABLES,PUMPKINS,PIE TYPE,,,each,595,2.71,,,,454,2.41
09/18/2020,NATIONAL,VEGETABLES,PUMPKINS,PIE TYPE,,,per pound,227,0.67,,,,311,0.77
09/18/2020,NATIONAL,VEGETABLES,PUMPKINS,PIE TYPE,Y,,per pound,164,0.99,,,,17,1.49
09/18/2020,NORTHEAST U.S.,VEGETABLES,PUMPKINS,,,,each,571,5.24,5,6.99,,102,4.87
09/18/2020,NORTHEAST U.S.,VEGETABLES,PUMPKINS,,,,per pound,80,0.49,0.49,0.49,,,
09/18/2020,NORTHEAST U.S.,VEGETABLES,PUMPKINS,MINIATURE,,,each,22,0.8,0.8,0.8,,156,1.19
09/18/2020,NORTHEAST U.S.,VEGETABLES,PUMPKINS,MINIATURE,,,per pound,72,1.69,1.69,1.69,,72,1.69
09/18/2020,NORTHEAST U.S.,VEGETABLES,PUMPKINS,PIE TYPE,,,each,22,2.5,2.5,2.5,,158,2.5
09/18/2020,NORTHEAST U.S.,VEGETABLES,PUMPKINS,PIE TYPE,,,per pound,132,0.52,0.49,0.99,,99,0.56
09/18/2020,NORTHEAST U.S.,VEGETABLES,PUMPKINS,PIE TYPE,Y,,per pound,20,0.99,0.99,0.99,,,
09/18/2020,SOUTHEAST U.S.,VEGETABLES,PUMPKINS,,,,each,180,3.79,1.99,5,,209,4.94
09/18/2020,SOUTHEAST U.S.,VEGETABLES,PUMPKINS,MINIATURE,,,each,220,1.25,1.25,1.25,,220,0.8
09/18/2020,SOUTHEAST U.S.,VEGETABLES,PUMPKINS,PIE TYPE,,,each,220,2.5,2.5,2.5,,228,2.48
09/18/2020,SOUTHEAST U.S.,VEGETABLES,PUMPKINS,PIE TYPE,,,per pound,23,1.09,0.79,1.29,,200,0.88
09/18/2020,SOUTHEAST U.S.,VEGETABLES,PUMPKINS,PIE TYPE,Y,,per pound,119,0.99,0.99,0.99,,,
09/18/2020,MIDWEST U.S.,VEGETABLES,PUMPKINS,,,,each,175,5.1,4.99,5.99,66,169,4.66
09/18/2020,MIDWEST U.S.,VEGETABLES,PUMPKINS,,Y,,per pound,24,0.99,0.99,0.99,,,
09/18/2020,MIDWEST U.S.,VEGETABLES,PUMPKINS,MINIATURE,,,each,15,0.99,0.99,0.99,,,
09/18/2020,MIDWEST U.S.,VEGETABLES,PUMPKINS,PIE TYPE,,,each,201,2.92,1.99,2.99,,15,1.99
09/18/2020,SOUTH CENTRAL U.S.,VEGETABLES,PUMPKINS,,,,each,177,4.29,3.99,5,,475,4.48
09/18/2020,SOUTH CENTRAL U.S.,VEGETABLES,PUMPKINS,MINIATURE,,,each,6,0.99,0.99,0.99,100,,
09/18/2020,SOUTH CENTRAL U.S.,VEGETABLES,PUMPKINS,PIE TYPE,,,per pound,72,0.79,0.79,0.79,,9,0.75
09/18/2020,SOUTH CENTRAL U.S.,VEGETABLES,PUMPKINS,PIE TYPE,Y,,per pound,8,0.99,0.99,0.99,,,
09/18/2020,SOUTHWEST U.S.,VEGETABLES,PUMPKINS,PIE TYPE,,,each,152,2.79,2.79,2.79,100,,
09/18/2020,SOUTHWEST U.S.,VEGETABLES,PUMPKINS,PIE TYPE,Y,,per pound,17,0.99,0.99,0.99,100,17,1.49
09/25/2020,NATIONAL,VEGETABLES,PUMPKINS,,,,each,"2,530",4.46,,,,"2,047",4.4
09/25/2020,NATIONAL,VEGETABLES,PUMPKINS,,,,per pound,251,0.36,,,,225,0.41
09/25/2020,NATIONAL,VEGETABLES,PUMPKINS,MINIATURE,,,each,266,0.85,,,,399,0.89
09/25/2020,NATIONAL,VEGETABLES,PUMPKINS,MINIATURE,,,per pound,152,1.53,,,,407,1.38
09/25/2020,NATIONAL,VEGETABLES,PUMPKINS,PIE TYPE,,,each,622,2.5,,,,735,2.52
09/25/2020,NATIONAL,VEGETABLES,PUMPKINS,PIE TYPE,,,per pound,323,0.73,,,,"1,445",0.95
09/25/2020,NORTHEAST U.S.,VEGETABLES,PUMPKINS,,,,each,656,4.55,2.99,5,,362,4.37
09/25/2020,NORTHEAST U.S.,VEGETABLES,PUMPKINS,,,,per pound,15,0.69,0.69,0.69,,10,0.69
09/25/2020,NORTHEAST U.S.,VEGETABLES,PUMPKINS,MINIATURE,,,each,22,0.8,0.8,0.8,,70,1.11
09/25/2020,NORTHEAST U.S.,VEGETABLES,PUMPKINS,MINIATURE,,,per pound,152,1.53,1.39,1.69,,407,1.38
09/25/2020,NORTHEAST U.S.,VEGETABLES,PUMPKINS,PIE TYPE,,,each,22,2.5,2.5,2.5,,182,2.43
09/25/2020,NORTHEAST U.S.,VEGETABLES,PUMPKINS,PIE TYPE,,,per pound,15,0.87,0.69,0.99,,89,0.54
09/25/2020,SOUTHEAST U.S.,VEGETABLES,PUMPKINS,,,,each,"1,344",4.47,2.99,5.99,9,556,4.71
09/25/2020,SOUTHEAST U.S.,VEGETABLES,PUMPKINS,MINIATURE,,,each,220,0.8,0.8,0.8,,298,0.85
09/25/2020,SOUTHEAST U.S.,VEGETABLES,PUMPKINS,PIE TYPE,,,each,220,4,4,4,,220,2.5
09/25/2020,SOUTHEAST U.S.,VEGETABLES,PUMPKINS,PIE TYPE,,,per pound,296,0.73,0.58,1.29,,"1,349",0.97
09/25/2020,MIDWEST U.S.,VEGETABLES,PUMPKINS,,,,each,163,3.86,2.88,6.99,21,65,4.37
09/25/2020,MIDWEST U.S.,VEGETABLES,PUMPKINS,MINIATURE,,,each,24,1.37,0.99,2,,13,0.5
09/25/2020,MIDWEST U.S.,VEGETABLES,PUMPKINS,PIE TYPE,,,each,335,1.58,1.25,2.99,23,225,2.72
09/25/2020,MIDWEST U.S.,VEGETABLES,PUMPKINS,PIE TYPE,,,per pound,12,0.69,0.69,0.69,,7,0.99
09/25/2020,SOUTH CENTRAL U.S.,VEGETABLES,PUMPKINS,,,,each,204,3.98,2.99,5.97,,386,4.26
09/25/2020,SOUTHWEST U.S.,VEGETABLES,PUMPKINS,,,,each,152,4.99,4.99,4.99,100,606,4.07
09/25/2020,SOUTHWEST U.S.,VEGETABLES,PUMPKINS,,,,per pound,15,0.39,0.39,0.39,,31,0.38
09/25/2020,SOUTHWEST U.S.,VEGETABLES,PUMPKINS,PIE TYPE,,,each,45,1.99,1.99,1.99,,41,2
09/25/2020,NORTHWEST U.S.,VEGETABLES,PUMPKINS,,,,per pound,221,0.33,0.33,0.33,93,174,0.38
09/25/2020,ALASKA,VEGETABLES,PUMPKINS,,,,each,11,8.99,8.99,8.99,,11,8.99
10/02/2020,NATIONAL,VEGETABLES,PUMPKINS,,,,each,"2,396",3.9,,,,"3,511",3.42
10/02/2020,NATIONAL,VEGETABLES,PUMPKINS,,,,per pound,277,0.43,,,,323,0.53
10/02/2020,NATIONAL,VEGETABLES,PUMPKINS,MINIATURE,,,each,"1,651",1.14,,,,401,0.97
10/02/2020,NATIONAL,VEGETABLES,PUMPKINS,MINIATURE,,,per pound,345,1.5,,,,369,1.33
10/02/2020,NATIONAL,VEGETABLES,PUMPKINS,PIE TYPE,,,each,"2,284",1.5,,,,"1,635",1.66
10/02/2020,NATIONAL,VEGETABLES,PUMPKINS,PIE TYPE,,,per pound,412,0.76,,,,523,0.83
10/02/2020,NORTHEAST U.S.,VEGETABLES,PUMPKINS,,,,each,311,4.72,3,6.99,,709,3.4
10/02/2020,NORTHEAST U.S.,VEGETABLES,PUMPKINS,,,,per pound,56,0.69,0.69,0.69,18,,
10/02/2020,NORTHEAST U.S.,VEGETABLES,PUMPKINS,MINIATURE,,,each,117,2.07,0.8,2.5,,108,1.16
10/02/2020,NORTHEAST U.S.,VEGETABLES,PUMPKINS,MINIATURE,,,per pound,334,1.52,0.99,1.69,,327,1.38
10/02/2020,NORTHEAST U.S.,VEGETABLES,PUMPKINS,PIE TYPE,,,each,92,2.49,2.49,2.5,,94,2.36
10/02/2020,NORTHEAST U.S.,VEGETABLES,PUMPKINS,PIE TYPE,,,per pound,71,0.99,0.99,0.99,,119,0.58
10/02/2020,SOUTHEAST U.S.,VEGETABLES,PUMPKINS,,,,each,"1,246",3.66,2.99,5,1,908,3.81
10/02/2020,SOUTHEAST U.S.,VEGETABLES,PUMPKINS,MINIATURE,,,each,"1,464",1.04,0.8,2,,228,0.82
10/02/2020,SOUTHEAST U.S.,VEGETABLES,PUMPKINS,PIE TYPE,,,each,765,1.43,0.99,2.5,,748,1.92
10/02/2020,SOUTHEAST U.S.,VEGETABLES,PUMPKINS,PIE TYPE,,,per pound,233,0.66,0.58,1.29,,282,0.91
10/02/2020,MIDWEST U.S.,VEGETABLES,PUMPKINS,,,,each,270,4.16,2.5,5.99,11,952,2.71
10/02/2020,MIDWEST U.S.,VEGETABLES,PUMPKINS,MINIATURE,,,each,15,0.99,0.99,0.99,,,
10/02/2020,MIDWEST U.S.,VEGETABLES,PUMPKINS,PIE TYPE,,,each,"1,382",1.45,1,2.99,1,719,1.22
10/02/2020,MIDWEST U.S.,VEGETABLES,PUMPKINS,PIE TYPE,,,per pound,7,0.49,0.49,0.49,100,,
10/02/2020,SOUTH CENTRAL U.S.,VEGETABLES,PUMPKINS,,,,each,447,4.03,2.99,5.99,26,777,3.67
10/02/2020,SOUTH CENTRAL U.S.,VEGETABLES,PUMPKINS,,,,per pound,6,0.25,0.25,0.25,,7,0.59
10/02/2020,SOUTH CENTRAL U.S.,VEGETABLES,PUMPKINS,MINIATURE,,,each,10,4.99,4.99,4.99,,65,1.18
10/02/2020,SOUTH CENTRAL U.S.,VEGETABLES,PUMPKINS,PIE TYPE,,,per pound,72,0.97,0.79,0.99,,61,0.99
10/02/2020,SOUTHWEST U.S.,VEGETABLES,PUMPKINS,,,,each,121,3.18,0.99,3.34,,152,3.99
10/02/2020,SOUTHWEST U.S.,VEGETABLES,PUMPKINS,,,,per pound,122,0.44,0.24,0.5,,222,0.34
10/02/2020,SOUTHWEST U.S.,VEGETABLES,PUMPKINS,MINIATURE,,,each,45,0.99,0.99,0.99,,,
10/02/2020,SOUTHWEST U.S.,VEGETABLES,PUMPKINS,MINIATURE,,,per pound,11,0.78,0.78,0.78,,42,0.99
10/02/2020,SOUTHWEST U.S.,VEGETABLES,PUMPKINS,PIE TYPE,,,each,45,1.99,1.99,1.99,,,
10/02/2020,SOUTHWEST U.S.,VEGETABLES,PUMPKINS,PIE TYPE,,,per pound,11,0.58,0.58,0.58,,42,0.79
10/02/2020,NORTHWEST U.S.,VEGETABLES,PUMPKINS,,,,per pound,93,0.27,0.19,0.39,,28,0.34
10/02/2020,NORTHWEST U.S.,VEGETABLES,PUMPKINS,PIE TYPE,,,per pound,18,0.58,0.58,0.58,,19,0.81
10/02/2020,ALASKA,VEGETABLES,PUMPKINS,,,,each,1,6.49,6.49,6.49,,11,8.99
10/09/2020,NATIONAL,VEGETABLES,PUMPKINS,,,,each,"7,925",4.1,,,,"4,909",4
10/09/2020,NATIONAL,VEGETABLES,PUMPKINS,,,,per pound,583,0.46,,,,418,0.37
10/09/2020,NATIONAL,VEGETABLES,PUMPKINS,MINIATURE,,,each,"1,493",0.96,,,,579,0.84
10/09/2020,NATIONAL,VEGETABLES,PUMPKINS,MINIATURE,,,per pound,72,1.69,,,,130,1.78
10/09/2020,NATIONAL,VEGETABLES,PUMPKINS,PIE TYPE,,,each,467,2.38,,,,603,2.22
10/09/2020,NATIONAL,VEGETABLES,PUMPKINS,PIE TYPE,,,per pound,"1,699",0.97,,,,"1,533",0.94
10/09/2020,NATIONAL,VEGETABLES,PUMPKINS,PIE TYPE,Y,,per pound,128,0.99,,,,632,1.06
10/09/2020,NORTHEAST U.S.,VEGETABLES,PUMPKINS,,,,each,879,3.59,1.99,4.99,,752,4.85
10/09/2020,NORTHEAST U.S.,VEGETABLES,PUMPKINS,,,,per pound,166,0.51,0.49,0.59,,,
10/09/2020,NORTHEAST U.S.,VEGETABLES,PUMPKINS,MINIATURE,,,each,486,0.97,0.79,1,,65,0.71
10/09/2020,NORTHEAST U.S.,VEGETABLES,PUMPKINS,MINIATURE,,,per pound,72,1.69,1.69,1.69,,72,1.69
10/09/2020,NORTHEAST U.S.,VEGETABLES,PUMPKINS,PIE TYPE,,,each,158,2.5,2.5,2.5,86,177,2.45
10/09/2020,NORTHEAST U.S.,VEGETABLES,PUMPKINS,PIE TYPE,,,per pound,247,1.09,0.99,1.49,71,148,0.67
10/09/2020,SOUTHEAST U.S.,VEGETABLES,PUMPKINS,,,,each,"3,108",4.51,2.99,5,0,"1,260",3.81
10/09/2020,SOUTHEAST U.S.,VEGETABLES,PUMPKINS,,,,per pound,200,0.58,0.58,0.58,,,
10/09/2020,SOUTHEAST U.S.,VEGETABLES,PUMPKINS,MINIATURE,,,each,898,0.94,0.8,1,,220,0.8
10/09/2020,SOUTHEAST U.S.,VEGETABLES,PUMPKINS,PIE TYPE,,,each,220,2.5,2.5,2.5,,220,2.5
10/09/2020,SOUTHEAST U.S.,VEGETABLES,PUMPKINS,PIE TYPE,,,per pound,"1,256",0.99,0.98,1.29,,"1,345",0.98
10/09/2020,MIDWEST U.S.,VEGETABLES,PUMPKINS,,,,each,"1,758",3.63,2.89,5.99,3,913,2.8
10/09/2020,MIDWEST U.S.,VEGETABLES,PUMPKINS,MINIATURE,,,each,15,0.99,0.99,0.99,,,
10/09/2020,MIDWEST U.S.,VEGETABLES,PUMPKINS,PIE TYPE,,,each,39,1.64,1,1.99,26,39,1.45
10/09/2020,MIDWEST U.S.,VEGETABLES,PUMPKINS,PIE TYPE,,,per pound,29,0.69,0.69,0.69,59,17,0.59
10/09/2020,SOUTH CENTRAL U.S.,VEGETABLES,PUMPKINS,,,,each,"1,228",3.66,1.99,5.99,11,817,3.63
10/09/2020,SOUTH CENTRAL U.S.,VEGETABLES,PUMPKINS,,,,per pound,22,0.28,0.25,0.29,,,
10/09/2020,SOUTH CENTRAL U.S.,VEGETABLES,PUMPKINS,MINIATURE,,,each,49,0.99,0.99,0.99,,,
10/09/2020,SOUTH CENTRAL U.S.,VEGETABLES,PUMPKINS,PIE TYPE,,,each,5,2.49,2.49,2.49,,149,1.99
10/09/2020,SOUTH CENTRAL U.S.,VEGETABLES,PUMPKINS,PIE TYPE,,,per pound,21,1.48,1.48,1.48,,11,0.5
10/09/2020,SOUTH CENTRAL U.S.,VEGETABLES,PUMPKINS,PIE TYPE,Y,,per pound,6,0.98,0.98,0.98,100,6,1.48
10/09/2020,SOUTHWEST U.S.,VEGETABLES,PUMPKINS,,,,each,849,4.68,0.25,5,,838,4.82
10/09/2020,SOUTHWEST U.S.,VEGETABLES,PUMPKINS,,,,per pound,66,0.42,0.18,0.5,,122,0.44
10/09/2020,SOUTHWEST U.S.,VEGETABLES,PUMPKINS,MINIATURE,,,each,45,0.99,0.99,0.99,,268,0.89
10/09/2020,SOUTHWEST U.S.,VEGETABLES,PUMPKINS,PIE TYPE,,,each,45,1.99,1.99,1.99,,,
10/09/2020,SOUTHWEST U.S.,VEGETABLES,PUMPKINS,PIE TYPE,Y,,per pound,122,0.99,0.99,0.99,,275,1.04
10/09/2020,NORTHWEST U.S.,VEGETABLES,PUMPKINS,,,,each,97,4.84,4,5,,305,4.89
10/09/2020,NORTHWEST U.S.,VEGETABLES,PUMPKINS,,,,per pound,126,0.27,0.18,0.29,17,273,0.31
10/09/2020,NORTHWEST U.S.,VEGETABLES,PUMPKINS,PIE TYPE,,,per pound,146,0.59,0.59,0.59,,12,0.79
10/09/2020,HAWAII,VEGETABLES,PUMPKINS,,,,each,6,9.99,9.99,9.99,,21,5
10/09/2020,ALASKA,VEGETABLES,PUMPKINS,,,,per pound,3,0.58,0.58,0.58,,,
10/16/2020,NATIONAL,VEGETABLES,PUMPKINS,,,,each,"4,383",3.63,,,,"4,369",3.63
10/16/2020,NATIONAL,VEGETABLES,PUMPKINS,,,,per pound,778,0.33,,,,811,0.45
10/16/2020,NATIONAL,VEGETABLES,PUMPKINS,MINIATURE,,,each,624,0.92,,,,316,0.85
10/16/2020,NATIONAL,VEGETABLES,PUMPKINS,MINIATURE,,,per pound,72,1.69,,,,72,1.69
10/16/2020,NATIONAL,VEGETABLES,PUMPKINS,PIE TYPE,,,each,"1,107",2.28,,,,781,2.4
10/16/2020,NATIONAL,VEGETABLES,PUMPKINS,PIE TYPE,,,per pound,520,0.88,,,,"1,549",0.96
10/16/2020,NATIONAL,VEGETABLES,PUMPKINS,PIE TYPE,Y,,per pound,248,1.12,,,,11,1.26
10/16/2020,NORTHEAST U.S.,VEGETABLES,PUMPKINS,,,,each,469,3.01,2.49,4.99,,618,3.34
10/16/2020,NORTHEAST U.S.,VEGETABLES,PUMPKINS,,,,per pound,49,0.59,0.59,0.59,,,
10/16/2020,NORTHEAST U.S.,VEGETABLES,PUMPKINS,MINIATURE,,,each,116,1.01,0.79,1.25,,41,0.89
10/16/2020,NORTHEAST U.S.,VEGETABLES,PUMPKINS,MINIATURE,,,per pound,72,1.69,1.69,1.69,,72,1.69
10/16/2020,NORTHEAST U.S.,VEGETABLES,PUMPKINS,PIE TYPE,,,each,101,2.5,2.5,2.5,,117,2.43
10/16/2020,NORTHEAST U.S.,VEGETABLES,PUMPKINS,PIE TYPE,,,per pound,243,0.94,0.59,1.99,,31,0.76
10/16/2020,NORTHEAST U.S.,VEGETABLES,PUMPKINS,PIE TYPE,Y,,per pound,36,1.91,1.49,1.99,,10,1.29
10/16/2020,SOUTHEAST U.S.,VEGETABLES,PUMPKINS,,,,each,"1,518",3.66,0.5,5,1,834,3.18
10/16/2020,SOUTHEAST U.S.,VEGETABLES,PUMPKINS,MINIATURE,,,each,285,0.84,0.8,0.99,,228,0.81
10/16/2020,SOUTHEAST U.S.,VEGETABLES,PUMPKINS,PIE TYPE,,,each,285,2.61,2.5,2.99,,305,2.57
10/16/2020,SOUTHEAST U.S.,VEGETABLES,PUMPKINS,PIE TYPE,,,per pound,234,0.81,0.78,1,,"1,441",0.97
10/16/2020,MIDWEST U.S.,VEGETABLES,PUMPKINS,,,,each,950,3.17,2.89,5.99,4,840,2.6
10/16/2020,MIDWEST U.S.,VEGETABLES,PUMPKINS,MINIATURE,,,each,26,0.8,0.55,0.99,,,
10/16/2020,MIDWEST U.S.,VEGETABLES,PUMPKINS,PIE TYPE,,,each,588,2.13,1.5,2.99,4,218,2.02
10/16/2020,MIDWEST U.S.,VEGETABLES,PUMPKINS,PIE TYPE,,,per pound,17,0.69,0.69,0.69,100,42,0.71
10/16/2020,SOUTH CENTRAL U.S.,VEGETABLES,PUMPKINS,,,,each,775,3.65,2.49,5.99,15,796,3.63
10/16/2020,SOUTH CENTRAL U.S.,VEGETABLES,PUMPKINS,,,,per pound,22,0.28,0.25,0.29,,331,0.57
10/16/2020,SOUTH CENTRAL U.S.,VEGETABLES,PUMPKINS,PIE TYPE,,,each,67,2.42,2,2.5,16,132,2.41
10/16/2020,SOUTH CENTRAL U.S.,VEGETABLES,PUMPKINS,PIE TYPE,Y,,per pound,6,0.98,0.98,0.98,100,,
10/16/2020,SOUTHWEST U.S.,VEGETABLES,PUMPKINS,,,,each,524,4.41,2.99,5,,"1,249",4.72
10/16/2020,SOUTHWEST U.S.,VEGETABLES,PUMPKINS,,,,per pound,546,0.3,0.19,0.39,,81,0.4
10/16/2020,SOUTHWEST U.S.,VEGETABLES,PUMPKINS,MINIATURE,,,each,197,0.99,0.99,0.99,77,,
10/16/2020,SOUTHWEST U.S.,VEGETABLES,PUMPKINS,PIE TYPE,,,per pound,8,1.69,1.69,1.69,,,
10/16/2020,NORTHWEST U.S.,VEGETABLES,PUMPKINS,,,,each,136,5,5,5,,,
10/16/2020,NORTHWEST U.S.,VEGETABLES,PUMPKINS,,,,per pound,135,0.27,0.19,0.29,3,342,0.29
10/16/2020,NORTHWEST U.S.,VEGETABLES,PUMPKINS,PIE TYPE,,,each,66,1.67,1.67,1.67,,,
10/16/2020,NORTHWEST U.S.,VEGETABLES,PUMPKINS,PIE TYPE,,,per pound,18,0.79,0.79,0.79,100,,
10/16/2020,NORTHWEST U.S.,VEGETABLES,PUMPKINS,PIE TYPE,Y,,per pound,206,0.99,0.99,0.99,,1,0.99
10/16/2020,ALASKA,VEGETABLES,PUMPKINS,,,,each,11,8.99,8.99,8.99,,11,8.99
10/16/2020,ALASKA,VEGETABLES,PUMPKINS,,,,per pound,3,0.58,0.58,0.58,,29,0.76
10/16/2020,HAWAII,VEGETABLES,PUMPKINS,,,,per pound,23,0.79,0.79,0.79,,23,0.69
10/23/2020,NATIONAL,VEGETABLES,PUMPKINS,,,,each,"3,968",4.11,,,,"2,684",4.48
10/23/2020,NATIONAL,VEGETABLES,PUMPKINS,,,,per pound,371,0.45,,,,509,0.44
10/23/2020,NATIONAL,VEGETABLES,PUMPKINS,MINIATURE,,,each,841,1.98,,,,264,0.82
10/23/2020,NATIONAL,VEGETABLES,PUMPKINS,PIE TYPE,,,each,573,2.48,,,,830,2.07
10/23/2020,NATIONAL,VEGETABLES,PUMPKINS,PIE TYPE,,,per pound,"1,212",1.01,,,,"1,448",0.96
10/23/2020,NATIONAL,VEGETABLES,PUMPKINS,PIE TYPE,Y,,per pound,11,1.12,,,,151,1
10/23/2020,NORTHEAST U.S.,VEGETABLES,PUMPKINS,,,,each,837,3.85,2.49,5.99,,407,5.14
10/23/2020,NORTHEAST U.S.,VEGETABLES,PUMPKINS,PIE TYPE,,,each,22,2.5,2.5,2.5,,193,2.41
10/23/2020,NORTHEAST U.S.,VEGETABLES,PUMPKINS,PIE TYPE,,,per pound,60,1.34,0.69,1.49,,21,0.92
10/23/2020,NORTHEAST U.S.,VEGETABLES,PUMPKINS,PIE TYPE,Y,,per pound,5,1.29,1.29,1.29,100,5,0.99
10/23/2020,SOUTHEAST U.S.,VEGETABLES,PUMPKINS,,,,each,"1,742",4.34,2.99,5,1,286,4.05
10/23/2020,SOUTHEAST U.S.,VEGETABLES,PUMPKINS,MINIATURE,,,each,746,2.12,0.77,2.95,,220,0.8
10/23/2020,SOUTHEAST U.S.,VEGETABLES,PUMPKINS,PIE TYPE,,,each,228,2.46,1.5,2.5,,230,2.48
10/23/2020,SOUTHEAST U.S.,VEGETABLES,PUMPKINS,PIE TYPE,,,per pound,"1,135",0.99,0.99,0.99,,"1,381",0.98
10/23/2020,MIDWEST U.S.,VEGETABLES,PUMPKINS,,,,each,198,3.47,2.99,5.99,26,33,3.75
10/23/2020,MIDWEST U.S.,VEGETABLES,PUMPKINS,PIE TYPE,,,each,231,2.8,1.99,2.99,13,357,1.56
10/23/2020,SOUTH CENTRAL U.S.,VEGETABLES,PUMPKINS,,,,each,704,3.54,2.89,5.99,9,793,3.83
10/23/2020,SOUTH CENTRAL U.S.,VEGETABLES,PUMPKINS,,,,per pound,22,0.28,0.25,0.29,,6,0.25
10/23/2020,SOUTH CENTRAL U.S.,VEGETABLES,PUMPKINS,MINIATURE,,,each,47,0.77,0.77,0.77,,,
10/23/2020,SOUTH CENTRAL U.S.,VEGETABLES,PUMPKINS,PIE TYPE,,,each,47,1.5,1.5,1.5,,,
10/23/2020,SOUTH CENTRAL U.S.,VEGETABLES,PUMPKINS,PIE TYPE,,,per pound,17,0.99,0.99,0.99,,11,0.5
10/23/2020,SOUTH CENTRAL U.S.,VEGETABLES,PUMPKINS,PIE TYPE,Y,,per pound,6,0.98,0.98,0.98,100,6,0.88
10/23/2020,SOUTHWEST U.S.,VEGETABLES,PUMPKINS,,,,each,399,4.74,2.5,4.99,,"1,025",4.73
10/23/2020,SOUTHWEST U.S.,VEGETABLES,PUMPKINS,,,,per pound,159,0.38,0.18,0.5,,111,0.36
10/23/2020,SOUTHWEST U.S.,VEGETABLES,PUMPKINS,MINIATURE,,,each,45,0.99,0.99,0.99,,,
10/23/2020,SOUTHWEST U.S.,VEGETABLES,PUMPKINS,PIE TYPE,,,each,45,1.99,1.99,1.99,,50,2.54
10/23/2020,NORTHWEST U.S.,VEGETABLES,PUMPKINS,,,,each,82,4.92,3.99,5,,99,4.84
10/23/2020,NORTHWEST U.S.,VEGETABLES,PUMPKINS,,,,per pound,151,0.28,0.19,0.39,,309,0.3
10/23/2020,HAWAII,VEGETABLES,PUMPKINS,,,,each,6,9.99,9.99,9.99,,27,5.86
10/23/2020,ALASKA,VEGETABLES,PUMPKINS,,,,per pound,36,1.59,0.48,1.69,,41,1.45
10/23/2020,HAWAII,VEGETABLES,PUMPKINS,,,,per pound,3,0.69,0.69,0.69,,29,0.69
10/23/2020,HAWAII,VEGETABLES,PUMPKINS,MINIATURE,,,each,3,1.29,1.29,1.29,,3,1.67
10/30/2020,NATIONAL,VEGETABLES,PUMPKINS,,,,each,191,4.1,,,,66,5
10/30/2020,NATIONAL,VEGETABLES,PUMPKINS,,,,per pound,121,0.43,,,,9,0.24
10/30/2020,NATIONAL,VEGETABLES,PUMPKINS,,Y,,each,19,0.98,,,,,
10/30/2020,NATIONAL,VEGETABLES,PUMPKINS,MINIATURE,,,each,3,1.29,,,,,
10/30/2020,NATIONAL,VEGETABLES,PUMPKINS,PIE TYPE,,,each,79,2.5,,,,,
10/30/2020,NATIONAL,VEGETABLES,PUMPKINS,PIE TYPE,,,per pound,43,1.52,,,,"1,218",0.98
10/30/2020,NATIONAL,VEGETABLES,PUMPKINS,PIE TYPE,Y,,per pound,15,0.99,,,,59,1.04
10/30/2020,NORTHEAST U.S.,VEGETABLES,PUMPKINS,PIE TYPE,,,each,79,2.5,2.5,2.5,,,
10/30/2020,SOUTHEAST U.S.,VEGETABLES,PUMPKINS,,,,each,6,3.99,3.99,3.99,,26,5
10/30/2020,SOUTHEAST U.S.,VEGETABLES,PUMPKINS,PIE TYPE,,,per pound,10,0.98,0.98,0.98,,"1,149",0.99
10/30/2020,MIDWEST U.S.,VEGETABLES,PUMPKINS,,,,each,41,4.84,3.99,4.99,,,
10/30/2020,SOUTH CENTRAL U.S.,VEGETABLES,PUMPKINS,,,,each,122,3.99,3.98,3.99,,,
10/30/2020,SOUTH CENTRAL U.S.,VEGETABLES,PUMPKINS,PIE TYPE,Y,,per pound,6,0.98,0.98,0.98,100,,
10/30/2020,SOUTHWEST U.S.,VEGETABLES,PUMPKINS,,,,per pound,78,0.3,0.25,0.33,,8,0.22
10/30/2020,SOUTHWEST U.S.,VEGETABLES,PUMPKINS,PIE TYPE,Y,,per pound,9,0.99,0.99,0.99,,,
10/30/2020,NORTHWEST U.S.,VEGETABLES,PUMPKINS,,,,each,19,2.99,2.99,2.99,,,
10/30/2020,NORTHWEST U.S.,VEGETABLES,PUMPKINS,,Y,,each,19,0.98,0.98,0.98,,,
10/30/2020,ALASKA,VEGETABLES,PUMPKINS,,,,each,3,5.98,5.98,5.98,,,
10/30/2020,HAWAII,VEGETABLES,PUMPKINS,,,,per pound,32,0.71,0.69,0.79,,,
10/30/2020,ALASKA,VEGETABLES,PUMPKINS,,,,per pound,11,0.59,0.59,0.59,,1,0.39
10/30/2020,HAWAII,VEGETABLES,PUMPKINS,MINIATURE,,,each,3,1.29,1.29,1.29,,,
10/30/2020,ALASKA,VEGETABLES,PUMPKINS,PIE TYPE,,,per pound,33,1.69,1.69,1.69,,,
11/06/2020,NATIONAL,VEGETABLES,PUMPKINS,PIE TYPE,,,per pound,7,0.25,,,,32,0.61
11/06/2020,NATIONAL,VEGETABLES,PUMPKINS,PIE TYPE,Y,,per pound,228,0.99,,,,134,0.99
11/06/2020,SOUTHEAST U.S.,VEGETABLES,PUMPKINS,PIE TYPE,Y,,per pound,25,0.99,0.99,0.99,,,
11/06/2020,SOUTH CENTRAL U.S.,VEGETABLES,PUMPKINS,PIE TYPE,Y,,per pound,32,0.99,0.98,0.99,,,
11/06/2020,SOUTHWEST U.S.,VEGETABLES,PUMPKINS,PIE TYPE,,,per pound,7,0.25,0.25,0.25,,4,0.99
11/06/2020,SOUTHWEST U.S.,VEGETABLES,PUMPKINS,PIE TYPE,Y,,per pound,171,0.99,0.99,0.99,,134,0.99
11/13/2020,NATIONAL,VEGETABLES,PUMPKINS,PIE TYPE,,,per pound,81,1.03,,,,28,0.55
11/13/2020,NATIONAL,VEGETABLES,PUMPKINS,PIE TYPE,Y,,per pound,97,1,,,,41,1.11
11/13/2020,SOUTHEAST U.S.,VEGETABLES,PUMPKINS,PIE TYPE,Y,,per pound,63,0.99,0.99,0.99,,,
11/13/2020,SOUTH CENTRAL U.S.,VEGETABLES,PUMPKINS,PIE TYPE,Y,,per pound,32,0.99,0.98,0.99,19,,
11/13/2020,SOUTHWEST U.S.,VEGETABLES,PUMPKINS,PIE TYPE,,,per pound,53,0.93,0.5,0.99,,,
11/13/2020,NORTHWEST U.S.,VEGETABLES,PUMPKINS,PIE TYPE,,,per pound,28,1.22,0.99,1.29,25,,
11/13/2020,NORTHWEST U.S.,VEGETABLES,PUMPKINS,PIE TYPE,Y,,per pound,1,1.49,1.49,1.49,,19,1.24
11/13/2020,ALASKA,VEGETABLES,PUMPKINS,PIE TYPE,Y,,per pound,1,1.39,1.39,1.39,,,
11/20/2020,NATIONAL,VEGETABLES,PUMPKINS,PIE TYPE,,,per pound,7,0.5,,,,230,0.95
11/20/2020,NATIONAL,VEGETABLES,PUMPKINS,PIE TYPE,Y,,per pound,149,0.99,,,,167,1.02
11/20/2020,SOUTHWEST U.S.,VEGETABLES,PUMPKINS,PIE TYPE,,,per pound,7,0.5,0.5,0.5,,,
11/20/2020,SOUTHWEST U.S.,VEGETABLES,PUMPKINS,PIE TYPE,Y,,per pound,122,0.99,0.99,0.99,,143,0.99
11/20/2020,NORTHWEST U.S.,VEGETABLES,PUMPKINS,PIE TYPE,Y,,per pound,26,0.98,0.98,0.99,27,19,1.24
11/20/2020,ALASKA,VEGETABLES,PUMPKINS,PIE TYPE,Y,,per pound,1,1.39,1.39,1.39,,,
11/27/2020,NATIONAL,VEGETABLES,PUMPKINS,PIE TYPE,,,per pound,7,0.33,,,,71,0.85
11/27/2020,NATIONAL,VEGETABLES,PUMPKINS,PIE TYPE,Y,,per pound,123,0.99,,,,33,1.14
11/27/2020,SOUTHWEST U.S.,VEGETABLES,PUMPKINS,PIE TYPE,,,per pound,7,0.33,0.33,0.33,,9,0.99
11/27/2020,SOUTHWEST U.S.,VEGETABLES,PUMPKINS,PIE TYPE,Y,,per pound,122,0.99,0.99,0.99,,21,0.99
11/27/2020,ALASKA,VEGETABLES,PUMPKINS,PIE TYPE,Y,,per pound,1,1.39,1.39,1.39,,,
12/04/2020,NATIONAL,VEGETABLES,PUMPKINS,PIE TYPE,,,per pound,7,0.33,,,,11,0.5
12/04/2020,SOUTHWEST U.S.,VEGETABLES,PUMPKINS,PIE TYPE,,,per pound,7,0.33,0.33,0.33,,,
03/26/2021,NATIONAL,VEGETABLES,PUMPKINS,,,,per pound,34,0.49,,,,,
03/26/2021,SOUTHEAST U.S.,VEGETABLES,PUMPKINS,,,,per pound,34,0.49,0.49,0.49,,,
05/21/2021,NATIONAL,VEGETABLES,PUMPKINS,,,,per pound,6,1.69,,,,,
05/21/2021,HAWAII,VEGETABLES,PUMPKINS,,,,per pound,6,1.69,1.69,1.69,,,
09/03/2021,NATIONAL,VEGETABLES,PUMPKINS,,,,each,15,6.99,,,,123,5
09/03/2021,MIDWEST U.S.,VEGETABLES,PUMPKINS,,,,each,15,6.99,6.99,6.99,100,,
09/10/2021,NATIONAL,VEGETABLES,PUMPKINS,,,,each,"1,133",5.24,,,,558,3.8
09/10/2021,NATIONAL,VEGETABLES,PUMPKINS,,,,per pound,18,0.99,,,,,
09/10/2021,NATIONAL,VEGETABLES,PUMPKINS,MINIATURE,,,each,366,0.8,,,,235,0.81
09/10/2021,NATIONAL,VEGETABLES,PUMPKINS,MINIATURE,,,per pound,255,1.99,,,,,
09/10/2021,NATIONAL,VEGETABLES,PUMPKINS,PIE TYPE,,,each,522,2.13,,,,556,2.34
09/10/2021,NATIONAL,VEGETABLES,PUMPKINS,PIE TYPE,,,per pound,60,1.29,,,,,
09/10/2021,NORTHEAST U.S.,VEGETABLES,PUMPKINS,,,,each,34,5.38,5,6,,97,5.13
09/10/2021,NORTHEAST U.S.,VEGETABLES,PUMPKINS,MINIATURE,,,per pound,255,1.99,1.99,1.99,,,
09/10/2021,NORTHEAST U.S.,VEGETABLES,PUMPKINS,PIE TYPE,,,each,41,2.47,2.44,2.5,,,
09/10/2021,NORTHEAST U.S.,VEGETABLES,PUMPKINS,PIE TYPE,,,per pound,55,1.29,1.29,1.29,,,
09/10/2021,SOUTHEAST U.S.,VEGETABLES,PUMPKINS,,,,each,78,5,5,5,,225,2.56
09/10/2021,SOUTHEAST U.S.,VEGETABLES,PUMPKINS,,,,per pound,18,0.99,0.99,0.99,,,
09/10/2021,SOUTHEAST U.S.,VEGETABLES,PUMPKINS,MINIATURE,,,each,220,0.8,0.8,0.8,,220,0.8
09/10/2021,SOUTHEAST U.S.,VEGETABLES,PUMPKINS,PIE TYPE,,,each,220,2.5,2.5,2.5,,,
09/10/2021,SOUTHEAST U.S.,VEGETABLES,PUMPKINS,PIE TYPE,,,per pound,5,1.29,1.29,1.29,,,
09/10/2021,MIDWEST U.S.,VEGETABLES,PUMPKINS,,,,each,357,4.72,3.99,5.99,4,30,4.99
09/10/2021,MIDWEST U.S.,VEGETABLES,PUMPKINS,PIE TYPE,,,each,261,1.77,1.5,3.99,89,556,2.34
09/10/2021,SOUTH CENTRAL U.S.,VEGETABLES,PUMPKINS,,,,each,148,3.96,3.34,3.99,53,206,4.35
09/10/2021,SOUTHWEST U.S.,VEGETABLES,PUMPKINS,,,,each,516,6,5,6.99,100,,
09/10/2021,NORTHWEST U.S.,VEGETABLES,PUMPKINS,MINIATURE,,,each,146,0.79,0.79,0.79,,,
09/17/2021,NATIONAL,VEGETABLES,PUMPKINS,,,,each,533,5.17,,,,"1,103",4.83
09/17/2021,NATIONAL,VEGETABLES,PUMPKINS,MINIATURE,,,each,267,0.81,,,,263,1.19
09/17/2021,NATIONAL,VEGETABLES,PUMPKINS,MINIATURE,,,per pound,339,1.9,,,,72,1.69
09/17/2021,NATIONAL,VEGETABLES,PUMPKINS,PIE TYPE,,,each,438,2.59,,,,595,2.71
09/17/2021,NATIONAL,VEGETABLES,PUMPKINS,PIE TYPE,,,per pound,247,0.63,,,,227,0.67
09/17/2021,NATIONAL,VEGETABLES,PUMPKINS,PIE TYPE,Y,,per pound,17,0.99,,,,164,0.99
09/17/2021,NORTHEAST U.S.,VEGETABLES,PUMPKINS,,,,each,256,5.68,5,6,,571,5.24
09/17/2021,NORTHEAST U.S.,VEGETABLES,PUMPKINS,MINIATURE,,,each,22,0.8,0.8,0.8,,22,0.8
09/17/2021,NORTHEAST U.S.,VEGETABLES,PUMPKINS,MINIATURE,,,per pound,327,1.92,1.69,1.99,,72,1.69
09/17/2021,NORTHEAST U.S.,VEGETABLES,PUMPKINS,PIE TYPE,,,each,158,2.93,2.5,3,,22,2.5
09/17/2021,NORTHEAST U.S.,VEGETABLES,PUMPKINS,PIE TYPE,,,per pound,10,0.69,0.69,0.69,,132,0.52
09/17/2021,SOUTHEAST U.S.,VEGETABLES,PUMPKINS,,,,each,9,3.98,3.98,3.98,100,180,3.79
09/17/2021,SOUTHEAST U.S.,VEGETABLES,PUMPKINS,MINIATURE,,,each,220,0.8,0.8,0.8,,220,1.25
09/17/2021,SOUTHEAST U.S.,VEGETABLES,PUMPKINS,PIE TYPE,,,each,220,2.5,2.5,2.5,,220,2.5
09/17/2021,SOUTHEAST U.S.,VEGETABLES,PUMPKINS,PIE TYPE,,,per pound,218,0.61,0.58,0.99,,23,1.09
09/17/2021,MIDWEST U.S.,VEGETABLES,PUMPKINS,,,,each,101,5.01,3.98,6,9,175,5.1
09/17/2021,MIDWEST U.S.,VEGETABLES,PUMPKINS,MINIATURE,,,each,15,0.99,0.99,0.99,,15,0.99
09/17/2021,MIDWEST U.S.,VEGETABLES,PUMPKINS,MINIATURE,,,per pound,12,1.29,1.29,1.29,,,
09/17/2021,MIDWEST U.S.,VEGETABLES,PUMPKINS,PIE TYPE,,,each,15,1.99,1.99,1.99,,201,2.92
09/17/2021,MIDWEST U.S.,VEGETABLES,PUMPKINS,PIE TYPE,,,per pound,19,0.82,0.79,0.88,,,
09/17/2021,SOUTH CENTRAL U.S.,VEGETABLES,PUMPKINS,,,,each,167,4.53,3.99,6,47,177,4.29
09/17/2021,SOUTH CENTRAL U.S.,VEGETABLES,PUMPKINS,MINIATURE,,,each,10,0.71,0.71,0.71,,6,0.99
09/17/2021,SOUTHWEST U.S.,VEGETABLES,PUMPKINS,PIE TYPE,,,each,45,1.99,1.99,1.99,,152,2.79
09/17/2021,SOUTHWEST U.S.,VEGETABLES,PUMPKINS,PIE TYPE,Y,,per pound,17,0.99,0.99,0.99,100,17,0.99
09/24/2021,NATIONAL,VEGETABLES,PUMPKINS,,,,each,"1,313",5.06,,,,"2,530",4.46
09/24/2021,NATIONAL,VEGETABLES,PUMPKINS,,,,per pound,301,0.44,,,,251,0.36
09/24/2021,NATIONAL,VEGETABLES,PUMPKINS,MINIATURE,,,each,358,0.86,,,,266,0.85
09/24/2021,NATIONAL,VEGETABLES,PUMPKINS,MINIATURE,,,per pound,327,1.92,,,,152,1.53
09/24/2021,NATIONAL,VEGETABLES,PUMPKINS,PIE TYPE,,,each,521,2.27,,,,622,2.5
09/24/2021,NATIONAL,VEGETABLES,PUMPKINS,PIE TYPE,,,per pound,546,0.96,,,,323,0.73
09/24/2021,NATIONAL,VEGETABLES,PUMPKINS,PIE TYPE,Y,,per pound,32,1.29,,,,,
09/24/2021,NORTHEAST U.S.,VEGETABLES,PUMPKINS,,,,each,151,5.15,4.99,6.99,5,656,4.55
09/24/2021,NORTHEAST U.S.,VEGETABLES,PUMPKINS,,,,per pound,47,0.63,0.59,0.79,21,15,0.69
09/24/2021,NORTHEAST U.S.,VEGETABLES,PUMPKINS,MINIATURE,,,each,111,0.95,0.8,0.99,,22,0.8
09/24/2021,NORTHEAST U.S.,VEGETABLES,PUMPKINS,MINIATURE,,,per pound,327,1.92,1.69,1.99,,152,1.53
09/24/2021,NORTHEAST U.S.,VEGETABLES,PUMPKINS,PIE TYPE,,,each,22,2.5,2.5,2.5,,22,2.5
09/24/2021,NORTHEAST U.S.,VEGETABLES,PUMPKINS,PIE TYPE,,,per pound,30,0.85,0.79,0.99,,15,0.87
09/24/2021,SOUTHEAST U.S.,VEGETABLES,PUMPKINS,,,,each,19,4.51,3.98,4.99,47,"1,344",4.47
09/24/2021,SOUTHEAST U.S.,VEGETABLES,PUMPKINS,,,,per pound,2,0.59,0.59,0.59,,,
09/24/2021,SOUTHEAST U.S.,VEGETABLES,PUMPKINS,MINIATURE,,,each,222,0.8,0.8,0.99,,220,0.8
09/24/2021,SOUTHEAST U.S.,VEGETABLES,PUMPKINS,PIE TYPE,,,each,220,2.5,2.5,2.5,,220,4
09/24/2021,SOUTHEAST U.S.,VEGETABLES,PUMPKINS,PIE TYPE,,,per pound,214,0.76,0.69,0.77,,296,0.73
09/24/2021,MIDWEST U.S.,VEGETABLES,PUMPKINS,,,,each,444,5.55,2.99,5.99,6,163,3.86
09/24/2021,MIDWEST U.S.,VEGETABLES,PUMPKINS,MINIATURE,,,each,25,0.99,0.99,0.99,,24,1.37
09/24/2021,MIDWEST U.S.,VEGETABLES,PUMPKINS,PIE TYPE,,,each,162,1.92,1.25,2.5,26,335,1.58
09/24/2021,MIDWEST U.S.,VEGETABLES,PUMPKINS,PIE TYPE,,,per pound,186,0.99,0.99,0.99,,12,0.69
09/24/2021,SOUTH CENTRAL U.S.,VEGETABLES,PUMPKINS,,,,each,305,4.44,1.99,6,26,204,3.98
09/24/2021,SOUTH CENTRAL U.S.,VEGETABLES,PUMPKINS,,,,per pound,6,0.29,0.29,0.29,,,
09/24/2021,SOUTH CENTRAL U.S.,VEGETABLES,PUMPKINS,PIE TYPE,,,each,72,2.46,1.99,2.5,,,
09/24/2021,SOUTH CENTRAL U.S.,VEGETABLES,PUMPKINS,PIE TYPE,,,per pound,116,1.29,1.29,1.29,,,
09/24/2021,SOUTH CENTRAL U.S.,VEGETABLES,PUMPKINS,PIE TYPE,Y,,per pound,32,1.29,1.29,1.29,,,
09/24/2021,SOUTHWEST U.S.,VEGETABLES,PUMPKINS,,,,each,377,5,4.99,5,40,152,4.99
09/24/2021,SOUTHWEST U.S.,VEGETABLES,PUMPKINS,,,,per pound,9,0.25,0.25,0.29,,15,0.39
09/24/2021,SOUTHWEST U.S.,VEGETABLES,PUMPKINS,PIE TYPE,,,each,45,1.99,1.99,1.99,,45,1.99
09/24/2021,NORTHWEST U.S.,VEGETABLES,PUMPKINS,,,,each,17,4.94,4.5,5,,,
09/24/2021,NORTHWEST U.S.,VEGETABLES,PUMPKINS,,,,per pound,211,0.39,0.39,0.39,98,221,0.33
09/24/2021,ALASKA,VEGETABLES,PUMPKINS,,,,per pound,26,0.59,0.59,0.59,,,
10/01/2021,NATIONAL,VEGETABLES,PUMPKINS,,,,each,"1,988",4.71,,,,"2,396",3.9
10/01/2021,NATIONAL,VEGETABLES,PUMPKINS,,,,per pound,35,0.37,,,,277,0.43
10/01/2021,NATIONAL,VEGETABLES,PUMPKINS,,Y,,per pound,21,0.39,,,,,
10/01/2021,NATIONAL,VEGETABLES,PUMPKINS,MINIATURE,,,each,"1,107",0.96,,,,"1,651",1.14
10/01/2021,NATIONAL,VEGETABLES,PUMPKINS,MINIATURE,,,per pound,336,1.98,,,,345,1.5
10/01/2021,NATIONAL,VEGETABLES,PUMPKINS,PIE TYPE,,,each,911,2.22,,,,"2,284",1.5
10/01/2021,NATIONAL,VEGETABLES,PUMPKINS,PIE TYPE,,,per pound,"1,199",0.98,,,,412,0.76
10/01/2021,NATIONAL,VEGETABLES,PUMPKINS,PIE TYPE,Y,,per pound,310,1.29,,,,,
10/01/2021,NORTHEAST U.S.,VEGETABLES,PUMPKINS,,,,each,244,5.87,4.99,6.99,,311,4.72
10/01/2021,NORTHEAST U.S.,VEGETABLES,PUMPKINS,MINIATURE,,,each,538,1.01,0.8,1.29,,117,2.07
10/01/2021,NORTHEAST U.S.,VEGETABLES,PUMPKINS,MINIATURE,,,per pound,336,1.98,1.59,1.99,,334,1.52
10/01/2021,NORTHEAST U.S.,VEGETABLES,PUMPKINS,PIE TYPE,,,each,154,2.37,2,2.5,45,92,2.49
10/01/2021,SOUTHEAST U.S.,VEGETABLES,PUMPKINS,,,,each,202,4.18,2.99,5.99,12,"1,246",3.66
10/01/2021,SOUTHEAST U.S.,VEGETABLES,PUMPKINS,MINIATURE,,,each,313,0.87,0.8,1.25,5,"1,464",1.04
10/01/2021,SOUTHEAST U.S.,VEGETABLES,PUMPKINS,PIE TYPE,,,each,234,2.47,2,2.5,,765,1.43
10/01/2021,SOUTHEAST U.S.,VEGETABLES,PUMPKINS,PIE TYPE,,,per pound,"1,145",0.99,0.98,0.99,,233,0.66
10/01/2021,MIDWEST U.S.,VEGETABLES,PUMPKINS,,,,each,290,5.62,2.99,5.99,9,270,4.16
10/01/2021,MIDWEST U.S.,VEGETABLES,PUMPKINS,MINIATURE,,,each,201,0.99,0.99,0.99,,15,0.99
10/01/2021,MIDWEST U.S.,VEGETABLES,PUMPKINS,PIE TYPE,,,each,414,1.99,1.25,2.99,64,"1,382",1.45
10/01/2021,MIDWEST U.S.,VEGETABLES,PUMPKINS,PIE TYPE,,,per pound,47,0.84,0.69,0.99,36,7,0.49
10/01/2021,SOUTH CENTRAL U.S.,VEGETABLES,PUMPKINS,,,,each,563,3.69,2.49,5,14,447,4.03
10/01/2021,SOUTH CENTRAL U.S.,VEGETABLES,PUMPKINS,,,,per pound,6,0.29,0.29,0.29,,6,0.25
10/01/2021,SOUTH CENTRAL U.S.,VEGETABLES,PUMPKINS,MINIATURE,,,each,10,0.71,0.71,0.71,,10,4.99
10/01/2021,SOUTH CENTRAL U.S.,VEGETABLES,PUMPKINS,PIE TYPE,Y,,per pound,294,1.29,1.29,1.29,,,
10/01/2021,SOUTHWEST U.S.,VEGETABLES,PUMPKINS,,,,each,672,4.91,2.99,5,61,121,3.18
10/01/2021,SOUTHWEST U.S.,VEGETABLES,PUMPKINS,,,,per pound,16,0.29,0.25,0.33,,122,0.44
10/01/2021,SOUTHWEST U.S.,VEGETABLES,PUMPKINS,MINIATURE,,,each,45,0.99,0.99,0.99,,45,0.99
10/01/2021,SOUTHWEST U.S.,VEGETABLES,PUMPKINS,PIE TYPE,,,each,45,1.99,1.99,1.99,,45,1.99
10/01/2021,SOUTHWEST U.S.,VEGETABLES,PUMPKINS,PIE TYPE,,,per pound,7,0.25,0.25,0.25,,11,0.58
10/01/2021,SOUTHWEST U.S.,VEGETABLES,PUMPKINS,PIE TYPE,Y,,per pound,13,1.29,1.29,1.29,,,
10/01/2021,NORTHWEST U.S.,VEGETABLES,PUMPKINS,,,,each,17,4.94,4.5,5,,,
10/01/2021,NORTHWEST U.S.,VEGETABLES,PUMPKINS,,,,per pound,10,0.49,0.49,0.49,,93,0.27
10/01/2021,NORTHWEST U.S.,VEGETABLES,PUMPKINS,,Y,,per pound,21,0.39,0.39,0.39,,,
10/01/2021,NORTHWEST U.S.,VEGETABLES,PUMPKINS,PIE TYPE,,,each,64,2.5,2.5,2.5,,,
10/01/2021,NORTHWEST U.S.,VEGETABLES,PUMPKINS,PIE TYPE,Y,,per pound,3,0.98,0.98,0.98,,,
10/01/2021,ALASKA,VEGETABLES,PUMPKINS,,,,per pound,3,0.62,0.59,0.69,,,
10/08/2021,NATIONAL,VEGETABLES,PUMPKINS,,,,each,"6,843",4.83,,,,"7,925",4.1
10/08/2021,NATIONAL,VEGETABLES,PUMPKINS,,,,per pound,189,0.39,,,,583,0.46
10/08/2021,NATIONAL,VEGETABLES,PUMPKINS,MINIATURE,,,each,"1,864",1.23,,,,"1,493",0.96
10/08/2021,NATIONAL,VEGETABLES,PUMPKINS,MINIATURE,,,per pound,416,1.89,,,,72,1.69
10/08/2021,NATIONAL,VEGETABLES,PUMPKINS,PIE TYPE,,,each,"2,720",2.06,,,,467,2.38
10/08/2021,NATIONAL,VEGETABLES,PUMPKINS,PIE TYPE,,,per pound,"1,665",0.96,,,,"1,699",0.97
10/08/2021,NATIONAL,VEGETABLES,PUMPKINS,PIE TYPE,Y,,per pound,19,0.98,,,,128,0.99
10/08/2021,NORTHEAST U.S.,VEGETABLES,PUMPKINS,,,,each,722,4.67,2.5,7.99,26,879,3.59
10/08/2021,NORTHEAST U.S.,VEGETABLES,PUMPKINS,MINIATURE,,,each,292,1.14,0.8,1.25,65,486,0.97
10/08/2021,NORTHEAST U.S.,VEGETABLES,PUMPKINS,MINIATURE,,,per pound,416,1.89,1.49,1.99,,72,1.69
10/08/2021,NORTHEAST U.S.,VEGETABLES,PUMPKINS,PIE TYPE,,,each,191,2.88,2.5,3,,158,2.5
10/08/2021,NORTHEAST U.S.,VEGETABLES,PUMPKINS,PIE TYPE,,,per pound,23,0.82,0.79,0.89,,247,1.09
10/08/2021,SOUTHEAST U.S.,VEGETABLES,PUMPKINS,,,,each,"2,003",5.03,1.25,5.99,1,"3,108",4.51
10/08/2021,SOUTHEAST U.S.,VEGETABLES,PUMPKINS,MINIATURE,,,each,"1,448",1.17,0.8,1.25,1,898,0.94
10/08/2021,SOUTHEAST U.S.,VEGETABLES,PUMPKINS,PIE TYPE,,,each,475,2.04,0.79,2.98,,220,2.5
10/08/2021,SOUTHEAST U.S.,VEGETABLES,PUMPKINS,PIE TYPE,,,per pound,"1,427",0.96,0.78,0.99,,"1,256",0.99
10/08/2021,MIDWEST U.S.,VEGETABLES,PUMPKINS,,,,each,"1,759",4.32,2.49,5.99,4,"1,758",3.63
10/08/2021,MIDWEST U.S.,VEGETABLES,PUMPKINS,MINIATURE,,,each,15,0.99,0.99,0.99,,15,0.99
10/08/2021,MIDWEST U.S.,VEGETABLES,PUMPKINS,PIE TYPE,,,each,512,1.32,1,2.5,6,39,1.64
10/08/2021,MIDWEST U.S.,VEGETABLES,PUMPKINS,PIE TYPE,,,per pound,215,0.97,0.79,0.99,13,29,0.69
10/08/2021,SOUTH CENTRAL U.S.,VEGETABLES,PUMPKINS,,,,each,"1,080",4.69,2.49,5.99,10,"1,228",3.66
10/08/2021,SOUTH CENTRAL U.S.,VEGETABLES,PUMPKINS,,,,per pound,22,0.36,0.29,0.39,,22,0.28
10/08/2021,SOUTH CENTRAL U.S.,VEGETABLES,PUMPKINS,PIE TYPE,,,each,196,1.67,1.67,1.67,,5,2.49
10/08/2021,SOUTHWEST U.S.,VEGETABLES,PUMPKINS,,,,each,"1,171",5.33,4,5.99,,849,4.68
10/08/2021,SOUTHWEST U.S.,VEGETABLES,PUMPKINS,,,,per pound,159,0.4,0.1,0.5,,66,0.42
10/08/2021,SOUTHWEST U.S.,VEGETABLES,PUMPKINS,MINIATURE,,,each,45,0.99,0.99,0.99,,45,0.99
10/08/2021,SOUTHWEST U.S.,VEGETABLES,PUMPKINS,PIE TYPE,,,each,"1,133",2.41,1.67,2.99,,45,1.99
10/08/2021,NORTHWEST U.S.,VEGETABLES,PUMPKINS,,,,each,88,5.62,3.99,5.99,,97,4.84
10/08/2021,NORTHWEST U.S.,VEGETABLES,PUMPKINS,,,,per pound,8,0.28,0.28,0.28,,126,0.27
10/08/2021,NORTHWEST U.S.,VEGETABLES,PUMPKINS,MINIATURE,,,each,64,3.33,3.33,3.33,,,
10/08/2021,NORTHWEST U.S.,VEGETABLES,PUMPKINS,PIE TYPE,,,each,202,1.53,1,2.5,32,,
10/08/2021,NORTHWEST U.S.,VEGETABLES,PUMPKINS,PIE TYPE,Y,,per pound,19,0.98,0.98,0.98,,,
10/08/2021,ALASKA,VEGETABLES,PUMPKINS,,,,each,14,8.06,6.99,11.99,,,
10/08/2021,HAWAII,VEGETABLES,PUMPKINS,,,,each,6,11.99,11.99,11.99,,6,9.99
10/08/2021,ALASKA,VEGETABLES,PUMPKINS,PIE TYPE,,,each,11,2.5,2.5,2.5,,,
10/15/2021,NATIONAL,VEGETABLES,PUMPKINS,,,,each,"2,433",4.09,,,,"4,383",3.63
10/15/2021,NATIONAL,VEGETABLES,PUMPKINS,,,,per pound,293,0.5,,,,778,0.33
10/15/2021,NATIONAL,VEGETABLES,PUMPKINS,MINIATURE,,,each,"1,214",1.02,,,,624,0.92
10/15/2021,NATIONAL,VEGETABLES,PUMPKINS,MINIATURE,,,per pound,146,0.59,,,,72,1.69
10/15/2021,NATIONAL,VEGETABLES,PUMPKINS,PIE TYPE,,,each,"2,885",1.96,,,,"1,107",2.28
10/15/2021,NATIONAL,VEGETABLES,PUMPKINS,PIE TYPE,,,per pound,293,0.75,,,,520,0.88
10/15/2021,NATIONAL,VEGETABLES,PUMPKINS,PIE TYPE,Y,,each,8,1.49,,,,,
10/15/2021,NATIONAL,VEGETABLES,PUMPKINS,PIE TYPE,Y,,per pound,428,1.24,,,,248,1.12
10/15/2021,NORTHEAST U.S.,VEGETABLES,PUMPKINS,,,,each,78,6.12,4.99,7.99,,469,3.01
10/15/2021,NORTHEAST U.S.,VEGETABLES,PUMPKINS,MINIATURE,,,each,764,1.09,0.99,1.25,25,116,1.01
10/15/2021,NORTHEAST U.S.,VEGETABLES,PUMPKINS,PIE TYPE,,,each,385,3.07,2.5,3.34,,101,2.5
10/15/2021,NORTHEAST U.S.,VEGETABLES,PUMPKINS,PIE TYPE,,,per pound,21,0.79,0.79,0.79,,243,0.94
10/15/2021,NORTHEAST U.S.,VEGETABLES,PUMPKINS,PIE TYPE,Y,,per pound,20,1.49,1.49,1.49,,36,1.91
10/15/2021,SOUTHEAST U.S.,VEGETABLES,PUMPKINS,,,,each,138,4.59,3.99,5.99,11,"1,518",3.66
10/15/2021,SOUTHEAST U.S.,VEGETABLES,PUMPKINS,MINIATURE,,,each,395,0.9,0.8,1.25,,285,0.84
10/15/2021,SOUTHEAST U.S.,VEGETABLES,PUMPKINS,PIE TYPE,,,each,608,1.55,0.78,2.5,,285,2.61
10/15/2021,SOUTHEAST U.S.,VEGETABLES,PUMPKINS,PIE TYPE,,,per pound,92,0.99,0.98,0.99,,234,0.81
10/15/2021,SOUTHEAST U.S.,VEGETABLES,PUMPKINS,PIE TYPE,Y,,per pound,119,1.49,1.49,1.49,,,
10/15/2021,MIDWEST U.S.,VEGETABLES,PUMPKINS,,,,each,999,3.59,2.49,5.99,3,950,3.17
10/15/2021,MIDWEST U.S.,VEGETABLES,PUMPKINS,PIE TYPE,,,each,773,1.73,0.59,2.99,6,588,2.13
10/15/2021,MIDWEST U.S.,VEGETABLES,PUMPKINS,PIE TYPE,Y,,per pound,24,1.49,1.49,1.49,,,
10/15/2021,SOUTH CENTRAL U.S.,VEGETABLES,PUMPKINS,,,,each,943,4.18,2.99,5.99,8,775,3.65
10/15/2021,SOUTH CENTRAL U.S.,VEGETABLES,PUMPKINS,,,,per pound,22,0.36,0.29,0.39,,22,0.28
10/15/2021,SOUTH CENTRAL U.S.,VEGETABLES,PUMPKINS,MINIATURE,,,each,10,0.85,0.85,0.85,,,
10/15/2021,SOUTH CENTRAL U.S.,VEGETABLES,PUMPKINS,PIE TYPE,,,each,383,1.87,1.67,2,,67,2.42
10/15/2021,SOUTH CENTRAL U.S.,VEGETABLES,PUMPKINS,PIE TYPE,Y,,each,8,1.49,1.49,1.49,,,
10/15/2021,SOUTH CENTRAL U.S.,VEGETABLES,PUMPKINS,PIE TYPE,Y,,per pound,26,1.49,1.49,1.49,,6,0.98
10/15/2021,SOUTHWEST U.S.,VEGETABLES,PUMPKINS,,,,each,260,4.8,3.49,5,,524,4.41
10/15/2021,SOUTHWEST U.S.,VEGETABLES,PUMPKINS,,,,per pound,172,0.35,0.2,0.5,,546,0.3
10/15/2021,SOUTHWEST U.S.,VEGETABLES,PUMPKINS,MINIATURE,,,each,45,0.99,0.99,0.99,,197,0.99
10/15/2021,SOUTHWEST U.S.,VEGETABLES,PUMPKINS,PIE TYPE,,,each,587,2,1.99,2,,,
10/15/2021,SOUTHWEST U.S.,VEGETABLES,PUMPKINS,PIE TYPE,,,per pound,7,0.33,0.33,0.33,,8,1.69
10/15/2021,SOUTHWEST U.S.,VEGETABLES,PUMPKINS,PIE TYPE,Y,,per pound,4,1.49,1.49,1.49,,,
10/15/2021,NORTHWEST U.S.,VEGETABLES,PUMPKINS,,,,each,15,5,5,5,,136,5
10/15/2021,NORTHWEST U.S.,VEGETABLES,PUMPKINS,,,,per pound,65,0.28,0.25,0.29,,135,0.27
10/15/2021,NORTHWEST U.S.,VEGETABLES,PUMPKINS,MINIATURE,,,per pound,146,0.59,0.59,0.59,,,
10/15/2021,NORTHWEST U.S.,VEGETABLES,PUMPKINS,PIE TYPE,,,each,138,2,1.67,2,,66,1.67
10/15/2021,NORTHWEST U.S.,VEGETABLES,PUMPKINS,PIE TYPE,,,per pound,173,0.63,0.59,0.99,10,18,0.79
10/15/2021,NORTHWEST U.S.,VEGETABLES,PUMPKINS,PIE TYPE,Y,,per pound,206,0.99,0.99,0.99,,206,0.99
10/15/2021,ALASKA,VEGETABLES,PUMPKINS,,,,per pound,34,1.76,0.69,1.79,,3,0.58
10/15/2021,ALASKA,VEGETABLES,PUMPKINS,PIE TYPE,,,each,11,3,3,3,,,
10/15/2021,HAWAII,VEGETABLES,PUMPKINS,PIE TYPE,Y,,per pound,3,1.49,1.49,1.49,,,
10/15/2021,ALASKA,VEGETABLES,PUMPKINS,PIE TYPE,Y,,per pound,26,1.29,1.29,1.29,,,
10/22/2021,NATIONAL,VEGETABLES,PUMPKINS,,,,each,"4,126",4.95,,,,"3,968",4.11
10/22/2021,NATIONAL,VEGETABLES,PUMPKINS,,,,per pound,806,0.44,,,,371,0.45
10/22/2021,NATIONAL,VEGETABLES,PUMPKINS,MINIATURE,,,each,"1,040",1,,,,841,1.98
10/22/2021,NATIONAL,VEGETABLES,PUMPKINS,MINIATURE,,,per pound,10,0.85,,,,,
10/22/2021,NATIONAL,VEGETABLES,PUMPKINS,PIE TYPE,,,each,"2,171",2.05,,,,573,2.48
10/22/2021,NATIONAL,VEGETABLES,PUMPKINS,PIE TYPE,,,per pound,508,0.87,,,,"1,212",1.01
10/22/2021,NATIONAL,VEGETABLES,PUMPKINS,PIE TYPE,Y,,per pound,404,1.31,,,,11,1.12
10/22/2021,NORTHEAST U.S.,VEGETABLES,PUMPKINS,,,,each,608,4.99,3.99,6.99,31,837,3.85
10/22/2021,NORTHEAST U.S.,VEGETABLES,PUMPKINS,MINIATURE,,,each,648,1.07,0.8,1.25,29,,
10/22/2021,NORTHEAST U.S.,VEGETABLES,PUMPKINS,PIE TYPE,,,each,172,2.44,1.99,2.5,,22,2.5
10/22/2021,SOUTHEAST U.S.,VEGETABLES,PUMPKINS,,,,each,506,5.3,3.99,8,3,"1,742",4.34
10/22/2021,SOUTHEAST U.S.,VEGETABLES,PUMPKINS,MINIATURE,,,each,313,0.87,0.8,1.25,5,746,2.12
10/22/2021,SOUTHEAST U.S.,VEGETABLES,PUMPKINS,PIE TYPE,,,each,451,2.06,1.25,3.33,,228,2.46
10/22/2021,SOUTHEAST U.S.,VEGETABLES,PUMPKINS,PIE TYPE,,,per pound,324,0.8,0.68,0.99,,"1,135",0.99
10/22/2021,MIDWEST U.S.,VEGETABLES,PUMPKINS,,,,each,808,5.11,2.99,5.99,7,198,3.47
10/22/2021,MIDWEST U.S.,VEGETABLES,PUMPKINS,,,,per pound,17,0.69,0.69,0.69,,,
10/22/2021,MIDWEST U.S.,VEGETABLES,PUMPKINS,MINIATURE,,,each,34,0.88,0.79,0.99,,,
10/22/2021,MIDWEST U.S.,VEGETABLES,PUMPKINS,PIE TYPE,,,each,228,1.37,0.99,1.99,5,231,2.8
10/22/2021,SOUTH CENTRAL U.S.,VEGETABLES,PUMPKINS,,,,each,"1,239",4.58,3.99,5.99,7,704,3.54
10/22/2021,SOUTH CENTRAL U.S.,VEGETABLES,PUMPKINS,,,,per pound,22,0.36,0.29,0.39,,22,0.28
10/22/2021,SOUTH CENTRAL U.S.,VEGETABLES,PUMPKINS,MINIATURE,,,per pound,10,0.85,0.85,0.85,,,
10/22/2021,SOUTH CENTRAL U.S.,VEGETABLES,PUMPKINS,PIE TYPE,,,each,394,1.89,1.67,2.5,3,47,1.5
10/22/2021,SOUTH CENTRAL U.S.,VEGETABLES,PUMPKINS,PIE TYPE,,,per pound,6,1.69,1.69,1.69,,17,0.99
10/22/2021,SOUTH CENTRAL U.S.,VEGETABLES,PUMPKINS,PIE TYPE,Y,,per pound,172,1.69,1.69,1.69,,6,0.98
10/22/2021,SOUTHWEST U.S.,VEGETABLES,PUMPKINS,,,,each,871,5.08,2.99,5.99,,399,4.74
10/22/2021,SOUTHWEST U.S.,VEGETABLES,PUMPKINS,,,,per pound,695,0.38,0.2,0.5,,159,0.38
10/22/2021,SOUTHWEST U.S.,VEGETABLES,PUMPKINS,MINIATURE,,,each,45,0.99,0.99,0.99,,45,0.99
10/22/2021,SOUTHWEST U.S.,VEGETABLES,PUMPKINS,PIE TYPE,,,each,777,2.24,1.99,2.99,,45,1.99
10/22/2021,SOUTHWEST U.S.,VEGETABLES,PUMPKINS,PIE TYPE,,,per pound,178,0.96,0.33,0.99,,,
10/22/2021,NORTHWEST U.S.,VEGETABLES,PUMPKINS,,,,each,88,4.98,4.5,5,,82,4.92
10/22/2021,NORTHWEST U.S.,VEGETABLES,PUMPKINS,,,,per pound,36,0.37,0.28,0.39,,151,0.28
10/22/2021,NORTHWEST U.S.,VEGETABLES,PUMPKINS,PIE TYPE,,,each,138,2,1.67,2,,,
10/22/2021,NORTHWEST U.S.,VEGETABLES,PUMPKINS,PIE TYPE,Y,,per pound,206,0.99,0.99,0.99,,,
10/22/2021,HAWAII,VEGETABLES,PUMPKINS,,,,each,6,9.99,9.99,9.99,,6,9.99
10/22/2021,ALASKA,VEGETABLES,PUMPKINS,,,,per pound,36,1.69,0.49,1.79,,36,1.59
10/22/2021,ALASKA,VEGETABLES,PUMPKINS,PIE TYPE,,,each,11,2.5,2.5,2.5,,,
10/22/2021,ALASKA,VEGETABLES,PUMPKINS,PIE TYPE,Y,,per pound,26,1.29,1.29,1.29,,,
10/29/2021,NATIONAL,VEGETABLES,PUMPKINS,,,,each,515,5.8,,,,191,4.1
10/29/2021,NATIONAL,VEGETABLES,PUMPKINS,,,,per pound,148,0.59,,,,121,0.43
10/29/2021,NATIONAL,VEGETABLES,PUMPKINS,,Y,,per pound,24,1.29,,,,,
10/29/2021,NATIONAL,VEGETABLES,PUMPKINS,MINIATURE,,,each,"1,585",1.18,,,,3,1.29
10/29/2021,NATIONAL,VEGETABLES,PUMPKINS,PIE TYPE,,,each,418,2.29,,,,79,2.5
10/29/2021,NATIONAL,VEGETABLES,PUMPKINS,PIE TYPE,,,per pound,24,0.58,,,,43,1.52
10/29/2021,NATIONAL,VEGETABLES,PUMPKINS,PIE TYPE,Y,,each,119,1.29,,,,,
10/29/2021,NATIONAL,VEGETABLES,PUMPKINS,PIE TYPE,Y,,per pound,50,1.29,,,,15,0.99
10/29/2021,NORTHEAST U.S.,VEGETABLES,PUMPKINS,,,,each,228,5.82,4.99,5.99,83,,
10/29/2021,NORTHEAST U.S.,VEGETABLES,PUMPKINS,MINIATURE,,,each,212,1.2,0.8,1.25,,,
10/29/2021,NORTHEAST U.S.,VEGETABLES,PUMPKINS,PIE TYPE,,,each,148,2.37,2,2.5,,79,2.5
10/29/2021,NORTHEAST U.S.,VEGETABLES,PUMPKINS,PIE TYPE,Y,,per pound,20,1.29,1.29,1.29,,,
10/29/2021,SOUTHEAST U.S.,VEGETABLES,PUMPKINS,,,,each,39,5.12,3.99,5.99,38,6,3.99
10/29/2021,SOUTHEAST U.S.,VEGETABLES,PUMPKINS,MINIATURE,,,each,"1,370",1.18,0.8,1.25,1,,
10/29/2021,SOUTHEAST U.S.,VEGETABLES,PUMPKINS,PIE TYPE,,,each,258,2.3,0.69,2.5,,,
10/29/2021,SOUTHEAST U.S.,VEGETABLES,PUMPKINS,PIE TYPE,,,per pound,10,0.98,0.98,0.98,,10,0.98
10/29/2021,SOUTHEAST U.S.,VEGETABLES,PUMPKINS,PIE TYPE,Y,,each,119,1.29,1.29,1.29,,,
10/29/2021,MIDWEST U.S.,VEGETABLES,PUMPKINS,,,,each,227,5.99,5.99,5.99,,41,4.84
10/29/2021,MIDWEST U.S.,VEGETABLES,PUMPKINS,,Y,,per pound,24,1.29,1.29,1.29,,,
10/29/2021,MIDWEST U.S.,VEGETABLES,PUMPKINS,PIE TYPE,,,each,12,0.99,0.99,0.99,100,,
10/29/2021,SOUTH CENTRAL U.S.,VEGETABLES,PUMPKINS,,,,each,12,4.99,4.99,4.99,,122,3.99
10/29/2021,SOUTH CENTRAL U.S.,VEGETABLES,PUMPKINS,,,,per pound,22,0.36,0.29,0.39,,,
10/29/2021,SOUTH CENTRAL U.S.,VEGETABLES,PUMPKINS,PIE TYPE,Y,,per pound,26,1.29,1.29,1.29,,6,0.98
10/29/2021,SOUTHWEST U.S.,VEGETABLES,PUMPKINS,,,,each,6,3.99,3.99,3.99,,,
10/29/2021,SOUTHWEST U.S.,VEGETABLES,PUMPKINS,,,,per pound,93,0.22,0.2,0.29,,78,0.3
10/29/2021,SOUTHWEST U.S.,VEGETABLES,PUMPKINS,PIE TYPE,,,per pound,14,0.29,0.25,0.33,,,
10/29/2021,SOUTHWEST U.S.,VEGETABLES,PUMPKINS,PIE TYPE,Y,,per pound,4,1.29,1.29,1.29,,9,0.99
10/29/2021,HAWAII,VEGETABLES,PUMPKINS,,,,each,3,6,6,6,,,
10/29/2021,ALASKA,VEGETABLES,PUMPKINS,,,,per pound,33,1.79,1.79,1.79,,11,0.59
10/29/2021,HAWAII,VEGETABLES,PUMPKINS,MINIATURE,,,each,3,1,1,1,,3,1.29
11/05/2021,NATIONAL,VEGETABLES,PUMPKINS,,,,each,205,5.99,,,,,
11/05/2021,NATIONAL,VEGETABLES,PUMPKINS,MINIATURE,,,each,205,1.25,,,,,
11/05/2021,NATIONAL,VEGETABLES,PUMPKINS,PIE TYPE,,,each,242,2.05,,,,,
11/05/2021,NATIONAL,VEGETABLES,PUMPKINS,PIE TYPE,,,per pound,182,0.97,,,,7,0.25
11/05/2021,NATIONAL,VEGETABLES,PUMPKINS,PIE TYPE,Y,,per pound,406,1.28,,,,228,0.99
11/05/2021,NORTHEAST U.S.,VEGETABLES,PUMPKINS,,,,each,190,5.99,5.99,5.99,100,,
11/05/2021,NORTHEAST U.S.,VEGETABLES,PUMPKINS,MINIATURE,,,each,190,1.25,1.25,1.25,100,,
11/05/2021,NORTHEAST U.S.,VEGETABLES,PUMPKINS,PIE TYPE,,,each,22,2.5,2.5,2.5,,,
11/05/2021,NORTHEAST U.S.,VEGETABLES,PUMPKINS,PIE TYPE,,,per pound,175,0.99,0.99,0.99,100,,
11/05/2021,NORTHEAST U.S.,VEGETABLES,PUMPKINS,PIE TYPE,Y,,per pound,110,1.29,1.29,1.29,,,
11/05/2021,SOUTHEAST U.S.,VEGETABLES,PUMPKINS,,,,each,15,5.99,5.99,5.99,100,,
11/05/2021,SOUTHEAST U.S.,VEGETABLES,PUMPKINS,MINIATURE,,,each,15,1.25,1.25,1.25,100,,
11/05/2021,SOUTHEAST U.S.,VEGETABLES,PUMPKINS,PIE TYPE,,,each,220,2,2,2,,,
11/05/2021,SOUTHEAST U.S.,VEGETABLES,PUMPKINS,PIE TYPE,Y,,per pound,89,1.29,1.29,1.29,,25,0.99
11/05/2021,MIDWEST U.S.,VEGETABLES,PUMPKINS,PIE TYPE,Y,,per pound,50,1.29,1.29,1.29,,,
11/05/2021,SOUTH CENTRAL U.S.,VEGETABLES,PUMPKINS,PIE TYPE,Y,,per pound,26,1.29,1.29,1.29,,32,0.99
11/05/2021,SOUTHWEST U.S.,VEGETABLES,PUMPKINS,PIE TYPE,,,per pound,7,0.5,0.5,0.5,,7,0.25
11/05/2021,SOUTHWEST U.S.,VEGETABLES,PUMPKINS,PIE TYPE,Y,,per pound,112,1.27,0.99,1.29,,171,0.99
11/05/2021,NORTHWEST U.S.,VEGETABLES,PUMPKINS,PIE TYPE,Y,,per pound,19,1.29,1.29,1.29,,,
11/12/2021,NATIONAL,VEGETABLES,PUMPKINS,PIE TYPE,,,each,242,2.5,,,,,
11/12/2021,NATIONAL,VEGETABLES,PUMPKINS,PIE TYPE,,,per pound,26,0.78,,,,81,1.03
11/12/2021,NATIONAL,VEGETABLES,PUMPKINS,PIE TYPE,Y,,per pound,381,1.29,,,,97,1
11/12/2021,NORTHEAST U.S.,VEGETABLES,PUMPKINS,PIE TYPE,,,each,22,2.5,2.5,2.5,,,
11/12/2021,NORTHEAST U.S.,VEGETABLES,PUMPKINS,PIE TYPE,Y,,per pound,110,1.29,1.29,1.29,,,
11/12/2021,SOUTHEAST U.S.,VEGETABLES,PUMPKINS,PIE TYPE,,,each,220,2.5,2.5,2.5,,,
11/12/2021,SOUTHEAST U.S.,VEGETABLES,PUMPKINS,PIE TYPE,,,per pound,19,0.88,0.88,0.88,,,
11/12/2021,SOUTHEAST U.S.,VEGETABLES,PUMPKINS,PIE TYPE,Y,,per pound,63,1.29,1.29,1.29,,63,0.99
11/12/2021,MIDWEST U.S.,VEGETABLES,PUMPKINS,PIE TYPE,Y,,per pound,50,1.29,1.29,1.29,,,
11/12/2021,SOUTH CENTRAL U.S.,VEGETABLES,PUMPKINS,PIE TYPE,Y,,per pound,26,1.29,1.29,1.29,,32,0.99
11/12/2021,SOUTHWEST U.S.,VEGETABLES,PUMPKINS,PIE TYPE,,,per pound,7,0.5,0.5,0.5,,53,0.93
11/12/2021,SOUTHWEST U.S.,VEGETABLES,PUMPKINS,PIE TYPE,Y,,per pound,103,1.29,1.29,1.29,,,
11/12/2021,NORTHWEST U.S.,VEGETABLES,PUMPKINS,PIE TYPE,Y,,per pound,26,1.29,1.29,1.29,27,1,1.49
11/12/2021,HAWAII,VEGETABLES,PUMPKINS,PIE TYPE,Y,,per pound,3,1.29,1.29,1.29,,,
11/19/2021,NATIONAL,VEGETABLES,PUMPKINS,PIE TYPE,,,each,242,2.5,,,,,
11/19/2021,NATIONAL,VEGETABLES,PUMPKINS,PIE TYPE,,,per pound,7,0.5,,,,7,0.5
11/19/2021,NATIONAL,VEGETABLES,PUMPKINS,PIE TYPE,Y,,per pound,117,1.29,,,,149,0.99
11/19/2021,NORTHEAST U.S.,VEGETABLES,PUMPKINS,PIE TYPE,,,each,22,2.5,2.5,2.5,,,
11/19/2021,NORTHEAST U.S.,VEGETABLES,PUMPKINS,PIE TYPE,Y,,per pound,110,1.29,1.29,1.29,,,
11/19/2021,SOUTHEAST U.S.,VEGETABLES,PUMPKINS,PIE TYPE,,,each,220,2.5,2.5,2.5,,,
11/19/2021,SOUTHWEST U.S.,VEGETABLES,PUMPKINS,PIE TYPE,,,per pound,7,0.5,0.5,0.5,,7,0.5
11/19/2021,NORTHWEST U.S.,VEGETABLES,PUMPKINS,PIE TYPE,Y,,per pound,7,1.29,1.29,1.29,100,26,0.98
11/26/2021,NATIONAL,VEGETABLES,PUMPKINS,PIE TYPE,,,each,220,2.5,,,,,
11/26/2021,NATIONAL,VEGETABLES,PUMPKINS,PIE TYPE,,,per pound,7,0.5,,,,7,0.33
11/26/2021,NATIONAL,VEGETABLES,PUMPKINS,PIE TYPE,Y,,per pound,95,1.29,,,,123,0.99
11/26/2021,NORTHEAST U.S.,VEGETABLES,PUMPKINS,PIE TYPE,Y,,per pound,70,1.29,1.29,1.29,,,
11/26/2021,SOUTHEAST U.S.,VEGETABLES,PUMPKINS,PIE TYPE,,,each,220,2.5,2.5,2.5,,,
11/26/2021,SOUTHEAST U.S.,VEGETABLES,PUMPKINS,PIE TYPE,Y,,per pound,25,1.29,1.29,1.29,,,
11/26/2021,SOUTHWEST U.S.,VEGETABLES,PUMPKINS,PIE TYPE,,,per pound,7,0.5,0.5,0.5,,7,0.33
12/03/2021,NATIONAL,VEGETABLES,PUMPKINS,PIE TYPE,Y,,per pound,138,1.45,,,,,
12/03/2021,SOUTHEAST U.S.,VEGETABLES,PUMPKINS,PIE TYPE,Y,,per pound,25,1.29,1.29,1.29,,,
12/03/2021,SOUTHWEST U.S.,VEGETABLES,PUMPKINS,PIE TYPE,Y,,per pound,113,1.49,1.49,1.49,,,
12/24/2021,NATIONAL,VEGETABLES,PUMPKINS,PIE TYPE,,,per pound,175,0.99,,,,,
12/24/2021,NORTHEAST U.S.,VEGETABLES,PUMPKINS,PIE TYPE,,,per pound,175,0.99,0.99,0.99,,,
01/07/2022,NATIONAL,VEGETABLES,PUMPKINS,PIE TYPE,,,per pound,175,1.29,,,,,
01/07/2022,NORTHEAST U.S.,VEGETABLES,PUMPKINS,PIE TYPE,,,per pound,175,1.29,1.29,1.29,,,